Review,Product,Rating,Username,Date
No review found,Skin Game Kind Watery Moisturizer - Pelembab Wajah (Skin Barrier),bintang 5,Budi,2024-01-27
Ini parah banget seller dan pengiriman kurir. UDAH LAMA BANGET KIRIMNYA. Plus waktu sampai dibuka paketnya rusak! Gajelas ini seller tidak professional dan tidak niat jualan sama sekali. Meskipun official store. Tolong hargai customer dengan dapat membungkus paket dengan baik dan benar!!!,Skin Game Kind Watery Moisturizer - Pelembab Wajah (Skin Barrier),bintang 1,Glenn,2024-01-27
tipe kulitku sensitif,Skin Game Kind Watery Moisturizer - Pelembab Wajah (Skin Barrier),bintang 5,C***h,2024-01-26
baru pertama kali coba. Baca review banyak yang kasih nilai bagus. semoga cocok yaa...,Skin Game Acne Warrior Gel 15 ml - Krim Jerawat,bintang 5,Retno,2024-01-25
"kotaknya penyok. untung pake bubble wrap yg tebal, barang aman deh",Skin Game Travel Bundle,bintang 5,keza,2024-01-23
For the first time mau cobain moisturizer viral ini semoga cocok deh sama bumil iniii hihihi,Skin Game Kind Watery Moisturizer - Pelembab Wajah (Skin Barrier),bintang 5,P***i,2024-01-23
"enak bahannya, lebih cocok daripada formula lama, muka gak benyek bgt",Skin Game Kind Watery Moisturizer - Pelembab Wajah (Skin Barrier),bintang 5,R***i,2024-01-23
Gentle moist dan isinya banyak. Love the new packagingğŸ«¶ğŸ»,Skin Game Kind Watery Moisturizer - Pelembab Wajah (Skin Barrier),bintang 5,Ratih,2024-01-23
"Bahannya ringan, lembab dan ukuran cocok untuk dibawa traveling.
thank you seller",Skin Game Kind Watery Moisturizer - Pelembab Wajah (Skin Barrier),bintang 5,u***i,2024-01-23
tipe kulitku berminyak masalah kulitku pori besar tipe kulitku sensitif. Aku cocok pake ini hasilnya melembabkan dan Alhamdulillah sejauh ini di kulit aman.,Skin Game Kind Watery Moisturizer - Pelembab Wajah (Skin Barrier),bintang 5,N***l,2024-01-16
"Agak kecewa sama pelayanan kali ini. Berhari2 nggak dikirim, setelah kita chat kalau mau batalin biar bisa ganti one day shipping karena udah mepet mau dipake travelling, malah besokannya langsung dikirim pakai pengiriman awal yg regular. Alhasil barangnya malah jadi nggak kepake karena telat sampai.",Skin Game Travel Bundle,bintang 5,R***i,2024-01-16
No review found,Skin Game Kind Cream Moisturizer - Pelembab Wajah (Skin Barrier),bintang 5,Kevin,2024-01-16
tipe kulitku berminyak tipe kulitku sensitif masalah kulitku jerawat masalah kulitku pori besar tipe kulitku kombinasi,Skin Game Kind Watery Moisturizer - Pelembab Wajah (Skin Barrier),bintang 5,L***a,2024-01-16
Josssss gandosssâ€¦â€¦,Skin Game Kind Watery Moisturizer - Pelembab Wajah (Skin Barrier),bintang 5,Anton,2024-01-16
melembapkan. bruntusan ku di dahi hilang pakek ini ğŸ˜­,Skin Game Kind Watery Moisturizer - Pelembab Wajah (Skin Barrier),bintang 5,r***i,2024-01-09
Cocok banget,Skin Game Hydrate & Moisture (For Dry & Oily Skin),bintang 5,reza,2024-01-09
selalu bagus,Skin Game Kind Watery Moisturizer - Pelembab Wajah (Skin Barrier),bintang 5,farhan,2024-01-09
Packaging rapi dan aman. Thank you seller,Skin Game Kind Watery Moisturizer - Pelembab Wajah (Skin Barrier),bintang 5,Aditya,2024-01-09
Proses dikirimnya lama. Barang so far oke oke sajağŸ‘ğŸ½ packingnya super aman,Skin Game Kind Cream Moisturizer - Pelembab Wajah (Skin Barrier),bintang 4,R***A,2024-01-09
Prodak yg dikirim sesuai pesanan.,Skin Game Kind Cream Moisturizer - Pelembab Wajah (Skin Barrier),bintang 5,Y***b,2024-01-02
nice,Skin Game Kind Watery Moisturizer - Pelembab Wajah (Skin Barrier),bintang 5,Dana,2023-12-31
No review found,Skin Game Kind Cream Moisturizer - Pelembab Wajah (Skin Barrier),bintang 3,H***i,2023-12-31
KERENNN,Skin Game Kind Watery Moisturizer - Pelembab Wajah (Skin Barrier),bintang 5,A***o,2023-12-31
No review found,Skin Game Kind Watery Moisturizer - Pelembab Wajah (Skin Barrier),bintang 5,Nurul,2023-12-31
"pengiriman sengaja pakai gosend biar cepat, tapi ternyata ga dikirim2 setelah 2 hari, malah disuruh reorder dengan alasan bakal dapet kompensasi, taunya pas reorder sampenya pun malam bgt, kompensasi yg dijanjikan gada, udh beberapa kali beli baru kali ini kecewa",Skin Game Kind Watery Moisturizer - Pelembab Wajah (Skin Barrier),bintang 3,Firman,2023-12-31
"cepat meresap, ringan di kulit wajah, cuman buat dryskin krg melembabkan. tapi enak buat prep sblm makeup",Skin Game Daily Kind Moisturizer 50 ml,bintang 5,I***y,2023-12-31
Seller sangat cepat memproses barang. Packing sangat baik dan aman. Reliable sangat ..,Skin Game Kind Cream Moisturizer - Pelembab Wajah (Skin Barrier),bintang 5,Hesty,2023-12-31
Cocok di kulit normal,Skin Game Acne Warrior Paste 15 ml - Krim Jerawat,bintang 5,F***i,2023-12-31
"selangnya sependek apa sih sampe dia ilang kebawah???? wtf annoying bgt pakenya gmn coba. udah aku cari tp gak ada selangnya. pake tube ajalah kalo pake packaging kaya gini bermasalah mulu. sayang bgt padahal formulanya sebagus itu, tapi kalo packagingnya begini sihhh big no deh.",Skin Game Kind Watery Moisturizer - Pelembab Wajah (Skin Barrier),bintang 1,Fathiyah,2023-12-31
akhirnya mendarat.pelembab kesayangan,Skin Game Kind Watery Moisturizer - Pelembab Wajah (Skin Barrier),bintang 4,w***e,2023-12-31
"mantap pesanan sesuai dan seller responsif, packing aman banget tebal. Bravo seller!",Skin Game Kind Watery Moisturizer - Pelembab Wajah (Skin Barrier),bintang 5,B***k,2023-12-31
"Packagingnya bisa diperbaiki ya, untungnya barangnya aman, tapi tadi tinggal selipin aja udah keambil barangnya.  Kalau dari produknya, semoga awet dan cocok ya",Skin Game Kind Cream Moisturizer - Pelembab Wajah (Skin Barrier),bintang 4,Zhafira,2023-12-31
waotery ok,Skin Game Kind Watery Moisturizer - Pelembab Wajah (Skin Barrier),bintang 5,Irsyad,2023-12-31
"Ringan! Diaku yg kulitnya kering malah gak cuco.. tumbuh jerawat bergantian.. tp di adik aku (15th) yg kombinasi malah cucooo aman. ğŸ‘ğŸ‘ Wkt itu cekot pas masi packaging lama. Gak lama mereka ganti packaging, harganya lumayan yahh ğŸ˜† good deal utk aku ğŸ˜†ğŸ‘",Skin Game Daily Kind Moisturizer 50 ml,bintang 5,R***a,2023-12-31
kemasan ok,Skin Game Kind Watery Moisturizer - Pelembab Wajah (Skin Barrier),bintang 5,wahyu,2023-12-31
"Favorite, gampang kempess emang baunya sih yg ganggu tapi worth it",Skin Game Acne Warrior 10 gr,bintang 5,Raihan,2023-12-31
"Kaget banget moisturizernya udah berevolusi sesuai skin type. Udah cocok banget sama moisturizer sebelumnya dan ini pertama kali mau coba yang versi ini, semoga hasilnya bagus juga. terima kasih seller",Skin Game Kind Watery Moisturizer - Pelembab Wajah (Skin Barrier),bintang 5,D***a,2023-12-31
"mantaaaaab
semoga cocok",Acne Advance Bundle (Sensitive & Dry Skin),bintang 5,I***g,2023-12-31
Lagi banyak bekas jerawat semoga cocokkkğŸ«¶,Skin Game Hydrate & Moisture (For Dry & Oily Skin),bintang 5,T***i,2023-12-31
Luv â¤ï¸â¤ï¸,Skin Game Hydrate & Moisture (For Dry & Oily Skin),bintang 5,R***y,2023-12-31
"Baju barunya cantik banget, keliatan mewah jadinya ğŸ˜» Kualitas produknya juga gausa diragukan lagi, bagus banget! Semenjak pake moist dari skin game kulitku jadi better, ini repurchase kedua aku dan keknya bakal repurchase terus wkwk. Packagingnya juga aman banget pake bubble wrap + kardus. Thanks seller! ğŸ˜»",Skin Game Kind Watery Moisturizer - Pelembab Wajah (Skin Barrier),bintang 5,Salsabila,2023-12-31
"baru semingguan coba dan ternyata enak banget, bikin kulit muka jadi lumayan moist, kebetulan tipe kulitku kombinasi tapi lagi lumayan kering di sekitar dahi dan pipi jadi skingame ini ngebantu banget buat nenangin kulit yang lagi kerontang banget, efek lainnya belum keliatan tapi bikin jerawat jadi cepet mateng juga ğŸ‘ğŸ»ğŸ‘ğŸ»ğŸ‘ğŸ» recommended krn bahannya ga macem2 jadi cocok buat yang lagi butuh moisturizer dan perbaikin skin barrier ğŸ«¶ğŸ»",Skin Game Kind Watery Moisturizer - Pelembab Wajah (Skin Barrier),bintang 5,C***a,2023-12-31
Mari kita coba! Pelayanannya oke ğŸ‘,Skin Game Kind Cream Moisturizer - Pelembab Wajah (Skin Barrier),bintang 5,R***y,2023-12-31
"Barang aman, bubble wrap tebal, kualitas terjaga. Semoga reformulasi ini lebih oke daripada formula sebelumnya",Acne Advance Bundle (Sensitive & Oily Skin),bintang 5,Ravi,2023-12-31
"mnatap, walau agak berbeda dari versi sebelumnya. semoga cocok",Skin Game Kind Cream Moisturizer - Pelembab Wajah (Skin Barrier),bintang 5,Adi,2023-12-31
"Safely arrived, semoga cocok",Skin Game Kind Cream Moisturizer - Pelembab Wajah (Skin Barrier),bintang 5,Karin,2023-12-31
Ringan dan mudah menyerappğŸ«¶ğŸ»ğŸ‘,Skin Game Kind Watery Moisturizer - Pelembab Wajah (Skin Barrier),bintang 5,Angelia,2023-12-01
"Skintype : oily, acne prone
Pake ini sesuai ringan,, bagus",Skin Game Kind Watery Moisturizer - Pelembab Wajah (Skin Barrier),bintang 5,N***h,2023-12-01
gais aku preloved punyaku klo ada yg mau aku jual murah aja kondisi masih 95% + msih ada box dijual karna ngrsa ga cocok,Skin Game Kind Watery Moisturizer - Pelembab Wajah (Skin Barrier),bintang 5,Deni,2023-12-01
"moisturizer brand apapun yg aku coba, pasti bakal balik kesiniğŸ˜­ and she's back with a new packagingğŸ¥° thank you skin game for being my most holy grail moisturizer. I might try the cream one too soonğŸ¤­",Skin Game Kind Watery Moisturizer - Pelembab Wajah (Skin Barrier),bintang 5,Atiyah,2023-12-01
sejauh ini make dari skingame ada sampe sekarang cocok.aku tipe kulit yg sensitif banget ada pie jg pake ini nyaman dipake gk ada efek samping,Skin Game Kind Watery Moisturizer - Pelembab Wajah (Skin Barrier),bintang 5,Nurul,2023-12-01
"belum dicoba semoga cocok, tp 2 tmn aku uda pake ini dan tipe kulit kita hampir sama. semoga cocok juga!",Skin Game Kind Watery Moisturizer - Pelembab Wajah (Skin Barrier),bintang 5,a***i,2023-12-01
"baguss banget packingnyaa, feels secured danaman banget. the product itself is pretty bulky, tapi ga gampang bocorr jd gaperlu khawatirr. aku baru coba bbrp harii, so i couldnt rlly tell u if it works or nott! but overall i rlly like their products!!!ğŸ’ğŸ’",Skin Game Theory Brightening Essence 100 ml - Essence Mencerahkan,bintang 4,nasywa,2023-12-01
"Jujur agak panik pas liat dusnya penyok. Tapi ternyata isinya aman. Meskipun pas buka dus kemasan, tutup botol moist nya agak kurang rapet, untung isinya masih aman, gak luber kemana - mana.",Eco Friendly Wrap (Pelindung Produk Ramah Lingkungan),bintang 5,A***a,2023-12-01
"Jujur agak panik pas liat dusnya penyok. Tapi ternyata isinya aman. Meskipun pas buka dus kemasan, tutup botol moist nya agak kurang rapet, untung isinya masih aman, gak luber kemana - mana. 
Baru sekali pake produk yang ini, oke banget pas dipake ke kulit. Cocok. Suka sama packing barunya.",Skin Game Kind Cream Moisturizer - Pelembab Wajah (Skin Barrier),bintang 5,A***a,2023-12-01
Cocok di kulit berminyak Kemasannya lucu ğŸ˜†,Skin Game Acne Warrior Paste 15 ml - Krim Jerawat,bintang 5,dewi,2023-12-01
"bahannya ringan, cepet meresap terus packaging nya ok banget",Skin Game Daily Kind Moisturizer 50 ml,bintang 5,w***a,2023-12-01
Terima kasih banyak paket sudah sampai dengan selamat,Skin Game Kind Watery Moisturizer - Pelembab Wajah (Skin Barrier),bintang 5,T***o,2023-12-01
Barang bagus sesuai packing mantap terima kasih ğŸ˜ŠğŸ™.,Skin Game Hydrate & Moisture (For Dry & Oily Skin),bintang 5,Angel,2023-12-01
Gausah ditanya lagi emang sebagus itu lembab dan bisa bantu pulih skin barier sejauh ini moisturizer yg gak akan ganti2 lagi,Skin Game Kind Watery Moisturizer - Pelembab Wajah (Skin Barrier),bintang 5,E***a,2023-12-01
Produk sangat bangus! langsung menyerap dan membuat lembab!,Skin Game Daily Kind Moisturizer 50 ml,bintang 5,T***a,2023-12-01
Udah repurchase berkali2. Produk simple dan efektif. Packaging jg simple dan aman,Skin Game Kind Watery Moisturizer - Pelembab Wajah (Skin Barrier),bintang 5,Chairunnisa,2023-11-01
"Cocok di kulit saya, tekstur ringan dan sangat cepat menyerap di kulit. Super recommended.",Skin Game Kind Watery Moisturizer - Pelembab Wajah (Skin Barrier),bintang 5,Muhammad,2023-11-01
baru pertama kali beli skin game mudah mudahan cocok,Skin Game Daily Kind Moisturizer 50 ml,bintang 5,A***a,2023-11-01
No review found,Skin Game Spot Guard Serum,bintang 5,A***a,2023-11-01
"Akhirnyaaa menemukan moisturizer yg cocokkk!! Moistnya ringan, dan cepet menyerap. Aku udah make 2tube. 1tube bisa dipake 2bulan lebih. Tergantung pemakaiannya.",Skin Game Kind Watery Moisturizer - Pelembab Wajah (Skin Barrier),bintang 5,Anis,2023-11-01
"baguss, semoga cocok ğŸ’—",Skin Game Daily Kind Moisturizer 50 ml,bintang 5,wiwit,2023-11-01
baru mau dicoba semoga cocok,Skin Game Spot Guard Serum,bintang 5,Fatahanisa,2023-11-01
produk ori dan aman. kakak adminnya juga ramah banget. bakal repurchase lagiii deh kayaknya,Skin Game Daily Kind Moisturizer 50 ml,bintang 5,r***m,2023-11-01
"pengiriman dan pengemasan cepat bgt aman produk sesuai , udh pernah coba dan lumayan bikin jerawat cpt mateng. thankyou",Skin Game Acne Warrior,bintang 5,K***a,2023-11-01
"Baunya agak aneh, apek dan bau besi seperti dr tempatnya. Saya pernah pakai sabun lain yg tanpa bau, tp ga pernah spt ini. Jd kurang nyaman pakainya dan sampai skrg masih ada",Skin Game Kind Hydrating Facial Wash - Sabun Cuci Muka,bintang 3,J***e,2023-11-01
"Dari dulu, selalu jadi langganan untuk solusi kalau lagi jerawatan. Bulan ini kebetulan lagi breakout dan tidak pikir lama langsung checkout kembali ini holy grail. I love you 3000 kembali serebu. ğŸ¤ğŸ¤ğŸ¤",Skin Game Acne Warrior 10 gr,bintang 5,Abdul,2023-11-01
"barang sampai dgn selamat, packagingnya jg aman. semoga cocok!",Skin Game Daily Kind Moisturizer 50 ml,bintang 5,Wieke,2023-11-01
"warna nya kuning, entah karena apa",Skin Game Theory of Everything,bintang 2,Y***I,2023-11-01
"baru pertama kali coba,
semoga cocok
thank you seller",Skin Game Daily Kind Moisturizer 50 ml,bintang 5,F***h,2023-11-01
barang sampai dgn selamat,Skin Game Daily Kind Moisturizer 50 ml,bintang 5,keza,2023-11-01
packing rapi dan aman. barang sesuai pesenan,Skin Game Acne Warrior 10 gr,bintang 5,E***e,2023-11-01
This moisturizer is seriously a game changer. I love how one bottle could last me months,Skin Game Daily Kind Moisturizer,bintang 5,D***a,2023-11-01
baeu nyoba pertama kali. smoga bisa cocok krn reviewnya bagus,Skin Game Daily Kind Moisturizer 50 ml,bintang 5,L***i,2023-10-02
"ringan bgt waktu di apply, cocok buat kulit berminyak, moist parahh",Skin Game Daily Kind Moisturizer 50 ml,bintang 5,F***y,2023-10-02
"Botol keduaaa, aslii butuh 9 bulan untuk habisin botol pertamağŸ˜‚ cocok bgt di kulit oilyy, mudah meresap, dan menurutku mudah meredakan jerawat juga siiğŸ˜°. Packaging aman dan rapiiih bangett. Luuvvv",Skin Game Daily Kind Moisturizer,bintang 5,F***a,2023-10-02
"Bagusss, delivery lumayan lama",Skin Game Daily Kind Facial Wash,bintang 5,Iwan,2023-10-02
No review found,Skin Game Daily Kind Moisturizer 50 ml,bintang 5,N***a,2023-10-02
lagi nyoba nih pertama kali. udah make 3 harian wow aku suka banget teksturnyaa. oilyskin friendly banget luvvvâ™¡â™¡ nanti kalo udah abis aku mau beli yang gede!!!,Skin Game Daily Kind Moisturizer 50 ml,bintang 5,Y***a,2023-10-02
"Product bagus, harga promo, dapet cashback..",Skin Game Daily Kind Moisturizer,bintang 5,Renando,2023-10-02
"pengemasannya cepat dan aman, baru nyobain moisturizernya dan so far aman. mungkin bakal repurchase lagi nanti, thank you!",Skin Game Daily Kind Moisturizer 50 ml,bintang 5,S***y,2023-10-02
Thanks. mau dicoba dulu produknya ğŸ‘,Skin Game Acne Warrior 10 gr,bintang 5,L***a,2023-10-02
No review found,Skin Game Daily Kind Moisturizer,bintang 5,Shofiy,2023-10-02
"pumpnya jelek sekali, pas dipakai malah muncrat2. Uda habis 1 botol tp belum ada perubahan untuk kulit jerawat sedang",Skin Game Spot Guard Serum,bintang 3,V***a,2023-10-02
seperti megecil,Skin Game Acne Warrior,bintang 4,T***v,2023-10-02
"Baunya mild, tekstur gel mudah meresap, exp nya masih 02/26",Skin Game Daily Kind Moisturizer,bintang 5,Pris,2023-10-02
Love banget sama pelayanannya ğŸ˜ğŸ˜,Skin Game Daily Kind Moisturizer,bintang 5,yuri,2023-10-02
Expired 2026,Skin Game Daily Kind Moisturizer 50 ml,bintang 5,Miguel,2023-10-02
"Packaging bagus, beda dari moisturizer kebanyakan. Teksturnya gel kental. Pas dioles ada sensasi dinginnya dan cepat meresap. Cukup 1-2 kali pump bisa untuk pemakaian seluruh wajah. Kayaknya bakalan irit banget ini pemakaiannya. Semoga cocok di kulit wajah aku ya.",Skin Game Daily Kind Moisturizer 50 ml,bintang 5,Pingkan,2023-10-02
belum dicoba semoga cocok. pengiriman cepat. packing aman. trmaksih,Skin Game Acne Duo (Acne Warrior & Acne Combat),bintang 5,Y***a,2023-10-02
Repurchase kedua kali â¤ï¸,Skin Game Daily Kind Moisturizer,bintang 5,R***a,2023-10-02
moisturizer favorit ğŸ¥°,Skin Game Daily Kind Moisturizer,bintang 5,D***s,2023-10-02
ringan dan melembabkan ğŸ‘ bener bener ga salah buat coba,Skin Game Daily Kind Moisturizer,bintang 5,S***a,2023-10-02
"First impression : BOTOLNYA CANTIK AMAT WOY PLISSS ğŸ˜­ğŸ˜­
Buat produknya sebenernya ga bisa di ulas sih ya karena baru pakai, tapi moisturizernya cepet meresap dan yaa, gimana moisturizer pada umumnya, melembabkan.",Skin Game Daily Kind Moisturizer,bintang 5,VR,2023-10-02
No review found,Skin Game Daily Kind Moisturizer,bintang 5,Indi,2023-10-02
"teksturnya ringan mudah merasap, baru pertama kali coba semoga cocok di kulit aku ğŸ˜‡
packingnya aman bgt dikasih box trus pake bubble wrap ğŸ‘",Skin Game Daily Kind Moisturizer,bintang 5,H***h,2023-10-02
"baru mau coba, tipe kulit kering sensitive
semoga cocok",Skin Game Daily Kind Moisturizer,bintang 4,d***a,2023-10-02
"Tipe kulitku oily, ini oke banget di kulit, kelembaban nya oke buat seharian dan teksturnya ringan banget, cepat meresap, udah gitu isinya banyak",Skin Game Daily Kind Moisturizer,bintang 5,Megan,2023-10-02
No review found,Skin Game Daily Kind Facial Wash,bintang 5,e***a,2023-09-02
"Ini tube kedua aku dan aku cocok banget sama produknya. Ringan, enak banget dipakenya dan ngelembabin. Kulit aku tipe oily dan ini cukup dipake malem aja sampe siangnya masih ngelembabin banget",Skin Game Daily Kind Moisturizer,bintang 5,S***h,2023-09-02
enak bagus tp sayang mahal,Skin Game Acne Warrior,bintang 5,Nofa,2023-09-02
No review found,Skin Game Acne Warrior 10 gr,bintang 2,Sena,2023-09-02
"Cocok2an aja klo produknya. Soal pelayanan, pengiriman, kemasan semua okay â­ï¸â­ï¸â­ï¸â­ï¸â­ï¸",Skin Game Acne Warrior 10 gr,bintang 3,C***e,2023-09-02
bahan ringan dan mudah menyerap di kukit,Skin Game Daily Kind Moisturizer,bintang 5,NI,2023-09-02
ukuran lebi kecil tp awet2 ajaaa,Skin Game Acne Warrior 10 gr,bintang 5,A***s,2023-09-02
"Aku belum pernah coba, tp suka... pengirimannya cepetttt",Skin Game Daily Kind Moisturizer,bintang 5,J***e,2023-09-02
"Botol keduağŸ’• cocok buat di kulit jerawat dan berminyak, ringan cepet meresap. 120ml awet bgt bs 2-3bulanan. Thanks seller",Skin Game Daily Kind Moisturizer,bintang 5,Desy,2023-09-02
"Fast delivery dan sesuai barangnya, akan update terkait kecocokannya",Skin Game Daily Kind Moisturizer,bintang 5,D***y,2023-09-02
suka bgt sama formula nya yg gampang ngeresap kekulit dan ringan bgt pokoknya luv bgt,Skin Game Daily Kind Moisturizer,bintang 5,F***a,2023-09-02
"Produk sesuai deskripsi, proses cepat, n dikemas sangat aman. Top deh! Makasih n sukses selalu ğŸ’¯âœ¨",Skin Game Daily Kind Moisturizer,bintang 5,C***y,2023-09-02
"beralih kesini, ringan dan cocok buat kulit yg rada sensitif kyak gw",Skin Game Daily Kind Moisturizer,bintang 5,S***o,2023-09-02
Terima kasih..........,Skin Game Bundle D (Theory of Everything & Acne Warrior),bintang 5,Antika,2023-09-02
"cocok di kulit berminyak, kerasa melembapkan tapi tidak berat di wajah",Skin Game Acne Warrior 10 gr,bintang 5,I***m,2023-09-02
"alhamdulillah paketnya sampe, udah udah kali order kali ini mudah2an cocok. pengiriman cepet 1 hari aja, packing aman. makasih seller sukses ğŸ˜Šâœ¨ï¸ğŸ‘",Skin Game Daily Kind Facial Wash,bintang 5,Nahum,2023-09-02
"Buat jerawat mendem aku balik lagi ke skin game setelah coba berbagai obat totol jerawat, karna yang ampuh di wajahku so far cuma skin game.",Skin Game Acne Warrior 10 gr,bintang 5,Sekar,2023-09-02
"first timer bgt coba moist ini, semoga cocok di kulit aku yg tipe kombi + dryğŸ˜Œ",Skin Game Daily Kind Moisturizer,bintang 5,g***e,2023-09-02
Pelayanan puas barang tidak rusak. Gak tanya tapi langsung sampai dengan baik,Skin Game Acne Warrior,bintang 5,N***a,2023-09-02
"gampang nyerep bagus buat pake sbelum makeup, cuman kurang lembab untukku",Skin Game Daily Kind Moisturizer,bintang 4,J***A,2023-09-02
"Enak banget teksturnya dan botol bentuk pump, higienis saat pemakaian",Skin Game Daily Kind Moisturizer,bintang 5,Dianra,2023-09-02
"Trying it for the first time, belum bisa review produknya but here to review the service. 

Paket yang datang salah produk, tapi alhamdulillah Skin Game mau tanggung jawab dengan kirim produk yang benar. 

They handle the complaint well, really appreciate the excellent service. Thank you so much!

Hopefully it will works well on me",Skin Game Daily Kind Moisturizer,bintang 5,Nadine,2023-09-02
kurang moist,Skin Game Daily Kind Moisturizer 50 ml,bintang 3,J***a,2023-09-02
Semoga cocok,Skin Game Daily Kind Moisturizer,bintang 5,i***a,2023-09-02
"Pengemasan dan pengiriman OK. Sudah pemakaian botol kedua, sejauh ini ampuh untuk merawat jerawat.",Skin Game Acne Warrior 10 gr,bintang 5,Chusna,2023-08-03
"huaa sayang bgt di aku ngga cocok, jadi tambah bnyk milia gt :(, padahal udah berharap gede bgt terus mana isinya gede.. btw kulit aku oily dan gampang jerawatan, terus juga jadi tambah berminyak hydrathing nya kuraaang bgt",Skin Game Daily Kind Moisturizer,bintang 4,sharitsa,2023-08-03
dari segi packing mohon diperhatikan lagi.. walaupun dus satuan nya masuk ke dus besar tapi kondisinya penyok.. kurang aman.. sebaiknya ditambahkan bubble wrap lagi.. kondisi barang masih aman,Skin Game Acne Warrior,bintang 4,A***n,2023-08-03
mantap,Skin Game Daily Kind Moisturizer,bintang 5,Adi,2023-08-03
bagusssss... suka banget....,Skin Game Daily Kind Moisturizer,bintang 5,Laura,2023-08-03
"Moisturizer yang to the point sebagai moisturizer. Super ringan, mungkin buat kulit tipe lain bakal kurang ngunci lembab, tapi di gw yang rewel kalau moisturizer berasa dikit aja, ini pas. Plus itu botol sampe bosen ga abis"", very good value. Salah satu produk aman untuk gw hehe",Skin Game Daily Kind Moisturizer,bintang 5,A***e,2023-08-03
Kualitas cukup baik untuk melembapkan,Skin Game Daily Kind Moisturizer,bintang 5,Shafira,2023-08-03
Pengiriman sesuai dan cepat,Skin Game Cucumist Face Mist 100 ml,bintang 5,Feredy,2023-08-03
"barang ori, pengiriman lamaaa walau di info",Skin Game Daily Kind Moisturizer,bintang 5,T***y,2023-08-03
"isinya banyak bangett, bahannya gampang menyerap, sangat worth to buy",Skin Game Daily Kind Moisturizer,bintang 5,Pandu,2023-08-03
"sudah coba yg ukuran kecil, tryta cocok . jd lanjut k ukuran besar",Skin Game Acne Warrior,bintang 5,Novandi,2023-08-03
Baru pertama x nyoba.. semoga cocok,Skin Game Daily Kind Moisturizer,bintang 5,J***n,2023-08-03
"bagus, cocok di kulit, lembab tahan lama sampai 12 jam untuk kulit normal. worth the price untuk ukurannya",Skin Game Daily Kind Moisturizer,bintang 5,U***a,2023-08-03
No review found,Skin Game Spot Guard Serum,bintang 5,m***i,2023-08-03
No review found,Skin Game Cloud Sunscreen 15gr dan 80gr,bintang 5,m***i,2023-08-03
benerÂ² calming jerawat sesuai klaim. abis dipake juga gak bikin wajah kering dan berasa ketarik. ada efek brighteningnya juga,Skin Game Pink Hero,bintang 5,I***m,2023-08-03
"Keren, cepat pengantarannya, exp masih lama",Skin Game Acne Warrior,bintang 5,D***a,2023-08-03
"Sejauh ini cocok sih di kulit aku. Ngga lengket, nyaman dipakai. Lebih tenang juga karena aku cek udah tersertifikasi Halal MUI. Tks all",Skin Game Daily Kind Moisturizer,bintang 5,I***h,2023-08-03
"datang dalam keadaan rembes, cairan berkurang 10ml, diperkuat sealernya ya",Skin Game Daily Kind Facial Wash,bintang 2,T***o,2023-08-03
No review found,Skin Game Daily Kind Moisturizer,bintang 5,Lydia,2023-08-03
"Barang Sesuai Deskripsi, pengiriman di hari yg sama dengan berlanganan TokPed Plus.",Skin Game Daily Kind Facial Wash,bintang 5,Iwan,2023-08-03
"satu2 nya moisturizer yg ga terlalu cair, cocok di kulit muka, isinya byk, awet tmbh disayang paksu, tq ya ğŸ¥°",Skin Game Daily Kind Moisturizer,bintang 5,D***s,2023-07-04
saya merasa hanya menghidrasi beberapa jam saja,Skin Game Daily Kind Moisturizer,bintang 4,d***o,2023-07-04
"Udah pembelian ke dua. Suka sama texturenya. Mungkin saran aja dikembangkan dari segi botolnya apa lagi yang model pompa, sayang banget karena nggak bisa habis maksimal. Jadi kalau hampir2 habis harus manual ngambilnya, buma2 pompnya segala",Skin Game Daily Kind Moisturizer,bintang 5,B***u,2023-07-04
"kemasannya gede, kelembapan utk yg kulitnya kering perlu pakainya agak.banyak, teksturnya agak lengket d banding punyanya somethinc..",Skin Game Daily Kind Moisturizer,bintang 5,Amalia,2023-07-04
Goks!,Skin Game Daily Kind Moisturizer,bintang 5,Hamzah,2023-07-04
"Uda botol keempat. 
Sebagus ituu skingame",Skin Game Daily Kind Moisturizer,bintang 5,Ronaldo,2023-07-04
"ringan banget, cepat meresap, cukup menahan minyak dan melembabkan",Skin Game Daily Kind Moisturizer,bintang 5,G***s,2023-07-04
"Bahannya tidak lengket dan ringan, cocok dikulit kombinasi.. makasih",Skin Game Daily Kind Moisturizer,bintang 5,Ika,2023-07-04
"baru dipake 2 malam, sementara blom ada hasil yg signifikan",Skin Game Acne Warrior,bintang 5,Erwin,2023-07-04
"setelah pakai beberapa ***** ***** lumayan terhidrasi. sesuai dengan yang ku bayangkan. ***** ku berminyak, tapi hasilnya ga berminyak banget.
seperti nya penggunaan serum bisa lebih cepat bekerja dengan tambahan moisturizer ini. awal2 pake ada muncul jerawat, mungkin belum terbiasa jadi muncul. tapi nggak parah. purging aja. PO nya cepet kok, nggak pake lama. kirain bakal sampe 40 ***** dapet Snack hihihi... next time kalau order lagi *** yg rasa matcha ya min ğŸ™ˆğŸ™ˆğŸ™ˆ",Skin Game Daily Kind Moisturizer,bintang 5,M,2023-07-04
"sampai dengan baikkk, enak dipakai lgsg meresap dan juga ringan betulll. dapet Freebies jugak lagiiii",Skin Game Daily Kind Moisturizer,bintang 5,Safitri,2023-07-04
"kalo ga dichat, pesanan engga di konfirm, kalo engga di chat, barang pasti ga dianter2, paket tiba diluar estimasi sampai dng kurir next day, padahal lgi butuh cepat",Skin Game Acne Warrior,bintang 2,A***i,2023-07-04
"Ini pertama kali nyoba product skin game, enak bgt di kulit gampang menyerap, keren bgt skin game!",Skin Game Daily Kind Moisturizer,bintang 5,H***m,2023-07-04
"Akhirnya datenggg 
lucu banget dikasi bonus snack ğŸ¥°ğŸ¥° Thank you skingame semoga cocok sama moisturizer nyağŸ˜˜",Skin Game Daily Kind Moisturizer,bintang 5,Sherina,2023-07-04
"udah pembelian yang kesekian kali...recommended banget buat yang cari pelembab ringan untuk kulit normal berminyak ya. Sediannya gel yang ringan gak menyumbat pori. bahannya ada ceramide buat anti aging yang umur udah 25 up. 
pre order 30 hari tapi sebelum 2 minggu udah dikirim, dikasih hadiah lagi, wah thank you banget ya.",Skin Game Daily Kind Moisturizer,bintang 5,Mellisa,2023-07-04
"awww thank u for the freebie Mingem!! and as you said, kulitku berjodoh sama Kind Moisturizer ğŸ’—",Skin Game Daily Kind Moisturizer,bintang 5,A***a,2023-07-04
"kena racun di twitter sama temenku yg pakeğŸ˜­ karena tulisannya po 30 hari aku ga ngecek lagi eh tbtb udah sampee seneng bangeeet! terima kasih juga bonusnya mingem!! tekstur moistnya enak, ringaan bangeetğŸ˜­ğŸ˜­ğŸ˜­ mana botolnya segede 2 pc wkwkwk. love banget pokoknyağŸ¤©",Skin Game Daily Kind Moisturizer,bintang 5,Adinda,2023-07-04
Terima kasih buat snacknya,Skin Game Daily Kind Moisturizer,bintang 5,[CHARACTER_NOT_ALLOWED],2023-07-04
Terima kasih banyak paket sudah sampai dengan selamat ğŸ™,Skin Game Daily Kind Moisturizer,bintang 5,T***o,2023-07-04
"ini aku baru mau nyoba semoga cocok di kulit aku ya min...
dan kaget banget barangnya udah sampe dengan selamat dan cepet. harusnya tiba akhir bulan ini,tapi ternyata lebih cepet datengnya. Dan juga dikasih gift dong. 
miminnya baik hati sekalih 
terimakasih minğŸ¥°ğŸ¥°ğŸ¥°ğŸ¥°.",Skin Game Daily Kind Moisturizer,bintang 5,p***a,2023-07-04
"produk ok, pemakaian 3 hari - 1 minggu berasa banget bedanya, spot2 bekas jerawat memudar, berasa lebih kinclong",Skin Game Spray Kind Toner,bintang 5,A***a,2023-07-04
"produk ok, pemakaian 3 hari - 1 minggu berasa banget bedanya, spot2 bekas jerawat memudar, berasa lebih kinclong",Skin Game Bright Bundle (Theory of Everything & Spot Guard),bintang 5,A***a,2023-07-04
No review found,Skin Game Theory of Everything,bintang 1,Rachmat,2023-07-04
"tekstur gel, isi banyak jadi awet, ringan tapi tetep melembabkan, cocok buat all skin type tapi oily skin pasti suka ğŸ‘ğŸ»",Skin Game Daily Kind Moisturizer,bintang 5,Ainun,2023-07-04
"dikasih rekomendasi dr sodara buat nyoba obat jerawat yg ini. seller fast respond, barang jg sampai dg selamat. recommended!!!",Skin Game Acne Warrior 10 gr,bintang 5,R***o,2023-07-04
baru mau coba.. semoga cocok dan hasilnya sesuai yang diharapkan..,Skin Game Theory of Everything,bintang 5,H***n,2023-07-04
yeay akhirnya repurchase ToE..makasii udah dikasih bonus jajan,Skin Game Theory of Everything,bintang 5,d***i,2023-07-04
sampai tepat waktu. semoga cocok di saya. trims,Skin Game Acne Warrior,bintang 5,A***i,2023-06-04
"Respon penjual cepat, packaging bagus dan aman dgn bubble wrap tebal.. 
jadi yakin barang aman ga kena guncang.. barang bagus dan bersih mulus.. 
walaupun selalu ikiut PO tapi selalu lebih cepat dari perkiraan PO.. puas banget pake moisturier ini.. makasih!",Skin Game Daily Kind Moisturizer,bintang 5,P***a,2023-06-04
"Baru mau coba, pembelanjaan bundle lbh hemat, seller ramah, paket diterima dg baik. Semoga cocokğŸ™",Skin Game Bright Bundle (Theory of Everything & Spot Guard),bintang 5,Y***i,2023-06-04
Pake ini jerawat langsung kempes ğŸ‘ğŸ½ğŸ‘ğŸ½,Skin Game Acne Warrior,bintang 5,C***y,2023-06-04
baru coba. mdh2an bagus,Skin Game Spot Guard Serum,bintang 5,Donna,2023-06-04
"Packing aman sih, karena ditambahin kardus oleh penjualnya.",Bubble Wrap (Pelindung Produk),bintang 5,B***o,2023-06-04
Pump nya macet,Skin Game Daily Kind Moisturizer,bintang 4,M***a,2023-06-04
No review found,Skin Game Cloud Sunscreen 15gr dan 80gr,bintang 4,P***U,2023-06-04
"Teksturnya gel cepet menyerap kulit, klo buat kulit berminyak cocok bgt. Mungkin klo yg kering kurang nampol, atau hrs pakai 2 layer. So far oke gak bikin reaksi negatif. Produknya gk neko2, ya buat melembabkan tok. 120ml bs buat 3 bulanan sih nih, hemat sekaleee. Thanks sellerâ¤",Skin Game Daily Kind Moisturizer,bintang 5,Desy,2023-06-04
"INI PALING FAVORIT DEH.. 
tipe kulitku ini sensitive, berminyak dan acne prone. setelah pemakaian seminggu, kulit muka rasanya jadi lebih alus dan gak bikin minyakan banget. best buy!",Skin Game Daily Kind Moisturizer,bintang 5,Della,2023-06-04
favorit deh,Skin Game Acne Warrior,bintang 5,Tony,2023-06-04
Baru pertamakali nyoba,Skin Game Theory of Everything,bintang 4,PUTU,2023-06-04
"cepet bngeett dikirimnya.. karena PO kupikir bakal lama. thank you enak banget moisturizer ini rasanya seperti di basuh air,,, sejuk dan tetap lembab",Skin Game Daily Kind Moisturizer,bintang 5,Ellis,2023-06-04
"buat kulit sensitif, cocok! kualitas oke, jerawat ga membekas",Skin Game Pink Hero,bintang 5,d***a,2023-06-04
"cocok buat kulit sensitif. pakai rutin 3x saat ada jerawat, kempes dan ga berbekas",Skin Game Acne Warrior,bintang 5,d***a,2023-06-04
Pembelian ketiga kind moizturizer. Cocok di kulit saya. Udh keliatan tambah cerah,Skin Game Daily Kind Moisturizer,bintang 5,Danang,2023-06-04
beli pas lagi sepromo promo nya. makasih ğŸ«¶ğŸ™ğŸ™,Skin Game Daily Kind Moisturizer,bintang 5,N***a,2023-06-04
Barang sesuai pesanan dan pengiriman tergolong cepat,Skin Game Daily Kind Moisturizer,bintang 5,Surya,2023-06-04
First time nyobain ini krn banyak review orang2 yg bagus. Semoga cocokk â¤,Skin Game Daily Kind Moisturizer,bintang 5,Tania,2023-06-04
"Menyerapnya cepat, kulitku juga jadi lembab dan lembabnya bukan yg gerah di kulit. aku suka sih",Skin Game Daily Kind Moisturizer,bintang 5,Melon,2023-06-04
No review found,Skin Game Daily Kind Moisturizer,bintang 3,Ali,2023-06-04
produk & packingnya rapi dan bagus cuma ternyata ga cocok di kulit aku,Skin Game Daily Kind Moisturizer,bintang 4,S***i,2023-06-04
"Pack ya bagus, dan tekstur pelelehan nya aku bngtt, tapi pengiriman nya lama bngtt",Skin Game Daily Kind Moisturizer,bintang 4,Syifanurahima,2023-06-04
"udah 2 kali order disini, pengemasan dan pengiriman cepet. masya Allah udah pake 2 minggu, suka sama hasilnya. bikin lembab muka, teksturnya cair tp ga terlalu. obat totol jerawatnya juga ga perih. semoga makin baik my acne skin. makasih seller :)",Skin Game Bundle D (Theory of Everything & Acne Warrior),bintang 5,Nahum,2023-06-04
Aku cocok bgt pake ini. plus pengirimannya cepat bgt! thank u skin game team ğŸ¥°,Skin Game Daily Kind Moisturizer,bintang 5,E***a,2023-06-04
"i loveeee this moisturizer. kulit muka aku jadi lebih sehat huhu. ini udah kedua kalinya beli, aweeeet banget. worth to buy dengan harga yang segitu, karena habisnya juga berbulan-bulan. terus karena moist ini kandungannya ga macem-macem, jadi bisa dipakaiin sama serum/toner apa aja.",Skin Game Daily Kind Moisturizer,bintang 5,S***a,2023-06-04
"suka, moisturizernya ga macem-macem, cuma ngelembabin aja, dan emang cocok di aku. Rasanya ringan di kulit, tapi kelembabannya kaya bisa di tambah gitu, dan ga bikin berminyak juga, suka :D",Skin Game Daily Kind Moisturizer,bintang 5,J***n,2023-06-04
Udah pengen nyoba dari lama tapi baru beli sekarang karena alhamdulillah udah halal! 1 pump aja udah bisa bikin muka lembab & plumpy banget,Skin Game Daily Kind Moisturizer,bintang 5,R***a,2023-06-04
"selama ini nggak pernah pake sabun muka karena selalu kering, coba ini cocok,
mungkin akan coba produk lainnya ğŸ˜‚",Skin Game Daily Kind Facial Wash 50 ml,bintang 5,alfon,2023-06-04
"packing rapih dan aman, pembelian pertama produk ini, semoga cocok dengan kulit saya yang kombinasi 
terimakasih kak",Skin Game Daily Kind Moisturizer,bintang 5,Nur,2023-06-04
"dapet pas lagi promo jadinya murah bgt buat isi yg segitu banyak. Baru mau coba sih, semoga cocok di akuğŸ˜†",Skin Game Daily Kind Moisturizer,bintang 5,H***i,2023-06-04
"akhirnya ketemu moisturizer yg finishnya aman alias gk bikin berminyak, dan bisa moist dengan baik. kulit gw yg selalu gk cocok pakai apapun dan selalu muncul masalah jerawat kalo pakai produk, akhirnya nemu ini dan semoga kedepannya aman. sangat recommended.",Skin Game Daily Kind Moisturizer,bintang 5,Titan,2023-06-04
"first buy, cukup melembapkan, perlu waktu buat menyerap mungkin karena tekstur gelnya kali ya. mayang gede karena 120 ml. semoga bagus untuk acne prone oily skin aku ya

agak nyebelin dipengirimannya cuz lamaaa pake bangetğŸ™‚",Skin Game Daily Kind Moisturizer,bintang 4,L***u,2023-06-04
"biasa aja, gakbada efek sm skali, masih bagus pore armor tpi udh gak diproduksi :(",Skin Game Pink Hero,bintang 3,kuz,2023-06-04
udah dicoba dan lumayan lgsg keliatan si hasilnya ga pke lama. pengirimannya juga cepet bangettt,Skin Game Acne Warrior,bintang 5,K***n,2023-06-04
"Safety dalam segi pengemasan , dalam segi pengiriman juga cepat , bismillah semoga cocok klo cocok nanti mau repeat order lagiğŸ™ŒğŸ»",Skin Game Daily Kind Moisturizer,bintang 5,Alia,2023-06-04
selama ini pakai skingame mantep banget dan ringan buat kulit berjerawat aku. sudah lebih baik. pasti repurchase lagi,Skin Game Bundle D (Theory of Everything & Acne Warrior),bintang 5,C***a,2023-06-04
"ganti moist, semoga cocok sama skingame ğŸ¥ºğŸ¥ºğŸ¥º",Skin Game Daily Kind Moisturizer,bintang 5,N***h,2023-06-04
"Pembelian entah tube keberapa.. udah paling fav setelah gonta ganti  nyoba yang cocok,sampe brenti nyari lagi setelah ketemu ini.. thanks alot!!",Skin Game Acne Warrior,bintang 5,n***a,2023-05-05
Beli di Official store barang terjamin keasliannya dan dapat cashback lumayan.,Skin Game Daily Kind Moisturizer,bintang 5,Iwan,2023-05-05
Beli di Official store barang terjamin keasliannya dan dapat cashback lumayan.,Skin Game Daily Kind Facial Wash 50 ml,bintang 5,Iwan,2023-05-05
"fix bakal repurchase! kandungannya ga macem macem, dpt bonus sunscreen yg 20gr jugaaa!! makasi yaaağŸ’—âœ¨",Skin Game Daily Kind Moisturizer,bintang 5,Vivi,2023-05-05
"udah dipake dan melembabkan kulit, tapi pengirimannya cukup lama ya",Skin Game Daily Kind Moisturizer,bintang 5,sere,2023-05-05
"Repeat order kesekian kalinya, terima kasih banyak ğŸ™",Skin Game Acne Combat Serum,bintang 5,T***o,2023-05-05
sukaa,Skin Game Daily Kind Moisturizer,bintang 5,Dara,2023-05-05
tekstur gel & kental tapi mudah sekali diaplikasikan ke wajah. tidak lengket sama sekali bahkan gampang menyerap. wajah terasa lembab setelah pemakaian. dengan isi yang banyak & harga cukup affordable. semoga cocok,Skin Game Daily Kind Moisturizer,bintang 5,E***a,2023-05-05
"suka banget sama productnya. ga neko neko dan langsung mulai kerasa sama hasilnya. but, you really have to step up on packaging and marketing wise. suka sama ide packagingnya tapi eksekusi masih harus banget ditingkatin lagi. semangat ya skin game â™¥ï¸",Skin Game Daily Kind Moisturizer,bintang 5,Vania,2023-05-05
"value for price sangat oke, ukuran besar, isi banyak, harga terjangkau. tekstur seperti gel, mudah diratakan.

pengiriman dan packing oke.",Skin Game Daily Kind Moisturizer,bintang 5,Indri,2023-05-05
semoga cocok,Skin Game Acne Warrior,bintang 5,D***a,2023-05-05
No review found,Skin Game Ekstra Hidrasi (Kind Toner & Theory of Everything Essence),bintang 5,R***h,2023-05-05
"barang sesuai, semoga cocok untuk obati jerawat..",Skin Game Acne Combat Serum,bintang 5,h***r,2023-05-05
"bahannya mirip foam, cukup cocok untuk kulit saya yg oily, sdikit whitecast tp cukup gampang diratain

minusnya: aluminum buat penutupnya susah banget buat dibuka, tolong diperbaiki itu krn repot sekali dqn susah kl mau  buka",Skin Game Cloud Sunscreen 15gr dan 80gr,bintang 5,a***l,2023-05-05
"pengiriman bagus, baru pertama kali coba dan kaget krim nya sangat kental-padat dan warnanya pink",Skin Game Acne Warrior,bintang 5,Ahmad,2023-05-05
"Alhamdulillah paket smp dgn aman & selamat. Pertama x co, dpt harga fs. Uk besar. ED msh lama. Smg cocok di wajahku. Trims seller, kurir & Tokped",Skin Game Daily Kind Moisturizer,bintang 5,N***l,2023-05-05
"pembelian ke-2, sebelumnya beli yang kecil karena takut gak cocok. Turns out bagus banget buat mukaku ğŸ¥¹ Cocok buat jerawat yang ada mata-nya, begitu pake pas malam besoknya udah kering dan gak bengkak lagi. tapi untuk jerawat mendem yang gaada mata-nya kurang ngaruh sih, gak ngilangin bekas jerawat juga. so far ini obat totol terbaik dari sekian banyaknya obat yang udah kucoba ğŸ«¶ğŸ» 
barang aman, expire juga masih lama. thank you seller & kurir âœ¨",Skin Game Acne Warrior,bintang 5,Avierka,2023-05-05
SANGAAAT MENYEMBUKAN JERAWAT,Skin Game Acne Warrior,bintang 5,sunny,2023-05-05
"alhamdulillah paketnya sampe, pertama kali order pengemasan baik pengiriman cepet bahkan lebih cepet dari P.O nya. oh ya dapet lil gift sunscreenya juga. semoga cocok. thank u ğŸ˜Šâœ¨ï¸",Skin Game Daily Kind Moisturizer,bintang 5,Nahum,2023-05-05
walaupun harus PO tapi sampenya lebih cepet dari perkiraan. dikasih bonus juga. makasih mingem âœ¨âœ¨,Skin Game Daily Kind Moisturizer,bintang 5,C***a,2023-05-05
"Mantap pengiriman cepet bat. Admin responsif.
Saya coba di tangan cepet nyerep dan kulit jadi lembap.
Semoga cocok buat kulit saya yang sedang breakoutğŸ¤Ÿ",Skin Game Daily Kind Moisturizer,bintang 5,Bilal,2023-05-05
"bahan dan teksturnya pas, bikin kulit lembab seharian. sudah habis 2 botol, ini yg ketiga..ğŸ¥° dapet sample sunscreen pula jadi g sabar buat coba..ğŸ‘ğŸ¥°  semoga ke depannya lbh ditingkatkan lagi produksinya jadi g perlu pre order..ğŸ‘ğŸ‘",Skin Game Daily Kind Moisturizer,bintang 5,Yulia,2023-05-05
"cepat meresap, formulanya ringan seperti yg ada di claim produknya, tidak lemgket juga, serta mudah di baurkan, tidak meninggalkan white cast di kulit.",Skin Game Cloud Sunscreen 15gr dan 80gr,bintang 4,C***y,2023-05-05
"Sangat ampuh buat menghilangkan jerawat dan kemerahan di kulit
Sdh repurchase ke sekian kali
Thank u skin game ğŸ˜˜
Really love this product",Skin Game Bundle Acne Fighter (Acne Warrior & Pink Hero),bintang 5,R***h,2023-05-05
"baru coba smoga cocok ,hrga murah pgiriman cpt box aman dksih dakron seller baik",Skin Game Acne Warrior 10 gr,bintang 5,R***a,2023-05-05
sampai ditangan dengan baik,Skin Game Acne Duo (Acne Warrior & Acne Combat),bintang 5,Alif,2023-05-05
"breakout gw diatasin pake ini mantap , cuma gabisa ngilangin bekas inj",Skin Game Acne Warrior 10 gr,bintang 5,Fauzy,2023-05-05
gampang meresap ke kulit,Skin Game Theory of Everything,bintang 5,D***N,2023-05-05
Terima kasih banyak paket sudah sampai dengan selamat ğŸ™,Skin Game Acne Duo (Acne Warrior & Acne Combat),bintang 5,T***o,2023-05-05
"Pembelian kedua, sukaa",Skin Game Theory of Everything,bintang 5,A***a,2023-05-05
Barang diterima dengan baik,Skin Game Acne Warrior,bintang 5,A***i,2023-05-05
"barang yang aku beli teksturnya kayak gak rata gitu, ada ""grenjel-grenjel-nya"" jadi agak susah nakar konsisten dengan volume yang sama di dua jari. teksturnya juga lebih padat dan susah di blendnya, tapi once udah set suka sama glow up effectnya. minusnya lagi kalau udah kena air dia kayak ada residunya gitu di deket mata. rada bingung apakah produknya emang gini, atau aku terima produk yang kualitasnya kurang oke.",Skin Game Cloud Sunscreen 15gr dan 80gr,bintang 4,Hera,2023-05-05
"menurutku ini lumayan ngebantu ya tipe kulitku oily skin, cuma kalo diaku pasti paginya totolannya udah ada yang ilang dan di liat dari foto ini yang baru dan ori disegel ya mentemen",Skin Game Acne Warrior 10 gr,bintang 5,V***n,2023-04-05
"Alhamdulillah cocok, terima kasih banyak",Skin Game Acne Warrior 10 gr,bintang 5,T***o,2023-04-05
"Sudah pemakaian kedua kali, Alhamdulillah cocok banget setelah gontai ganti merk",Skin Game Acne Warrior,bintang 5,T***o,2023-04-05
gemec banget packaging nya,Skin Game Acne Warrior 10 gr,bintang 5,S***a,2023-04-05
No review found,Skin Game Acne Warrior,bintang 1,K***n,2023-04-05
2nd buy.,Skin Game Acne Warrior,bintang 5,Rizka,2023-04-05
"teksturnya krim padet gitu, cukup ampuh obat totol jerawatnyağŸ‘ğŸ‘ kalo mulai beruntusan awal2 mau jerawatan langsung dipakein ini dan cepet kempesnyaâœ¨ï¸ tapi kalo emang jerawatnya udah ""jadi"" perlu reapply biar kempesnya cepet. suka bangetğŸ’¯",Skin Game Acne Warrior 10 gr,bintang 5,T***a,2023-04-05
krim nya seperti sudah dipakai,Skin Game Acne Warrior 10 gr,bintang 5,f***o,2023-04-05
"Kirain dapet botolnya juga, tau ya semprotannya doang. Salah saya sendiri ternyata. Hehehehe. Berarti nanti tinggal beli toner nya biar semprotannya bisa dipake ...",Skin Game Spray Kind Toner,bintang 3,N***t,2023-04-05
baru sampe!! semoga cocokğŸ¥ºğŸ«¶ğŸ»,Skin Game Acne Warrior,bintang 5,A***a,2023-04-05
"pertama coba, semoga cuco âœ¨",Skin Game Theory of Everything,bintang 5,Made,2023-04-05
Gak cocok tp bukan salah brand nya,Skin Game Cloud Sunscreen 15gr dan 80gr,bintang 5,z***e,2023-04-05
"Alhamdulillah cocok.... obat totol jerawat yg lumayan ampuh dan terjangkau, isinya jg banyak jd kayaknya bakalan awet",Skin Game Acne Warrior,bintang 5,I***d,2023-04-05
"IDK WHY TAPI PAS DIBUKA AKU NGAKAK ğŸ˜­
It's not because the brand, tapi karena cara mereka nge-packing item-nya, they use dakron jadi kesannya kayak mengambang diatas awan and that's cute yet hilarious ğŸ˜­ğŸ’›
Barang sampai dengan selamat, expire masih lama, tekstur agak padat, dan aku baru baca belakangnya hanya digunakan saat malam, apa berarti gaboleh dipake pas pagi ya (?) Semoga cocok di aku karena review temen bagus banget katanya
Overall bagus, thank you seller & kurir ğŸ’›âœ¨",Skin Game Acne Warrior 10 gr,bintang 5,Avierka,2023-04-05
"packaging ok, moisturizer nya sendiri ga yang aneh aneh sih. cuman ya di kulitku yang kering jujur kurang melembabkan.",Skin Game Daily Kind Moisturizer 50 ml,bintang 4,O***a,2023-04-05
Terima kasih banyak paket sudah sampai dengan selamat dan sesuai deskripsi ğŸ™,Skin Game Theory of Everything,bintang 5,T***o,2023-04-05
masih jadi moisturizer andalan,Skin Game Daily Kind Moisturizer,bintang 5,Zahira,2023-04-05
terbaikkk busetttt! jerawat hempass. udah brp kali belii dan efeknya dahsyatt.,Skin Game Acne Warrior,bintang 5,meli,2023-04-05
"Barang bagus sesuai deskripsi diterima dengan baik, packing aman dan pengiriman cepat sampai",Skin Game Cloud Sunscreen 15gr dan 80gr,bintang 5,A***i,2023-04-05
"Barang bagus sesuai deskripsi diterima dengan baik, packing aman dan pengiriman cepat sampai",Skin Game Daily Kind Moisturizer,bintang 5,A***i,2023-04-05
gatau lagi botol keberapa yg penting cucok bgt pake ini... yang full size dipake berdua sm ibu bisa sampe 3 bulan uwow khaaaannnn,Skin Game Daily Kind Moisturizer,bintang 5,Chasya,2023-04-05
"a super bargain for the price, very versatile moisturizer, no frills, just a solid moisturizer.",Skin Game Daily Kind Moisturizer,bintang 5,M***a,2023-04-05
"pengiriman standar, isinya sedikit keluar but its okay. semoga cocok",Skin Game Daily Kind Moisturizer,bintang 5,schelva,2023-04-05
tq,Skin Game Theory of Everything,bintang 5,d***s,2023-04-05
"paling ga bisa hidup tanpa moisturizer iniğŸ˜­ğŸ˜­ isi banyak jadi terhitung murah dan lama pakenya. lembabnya cukup banget di kulitku yg kombinasi. cocok buat jadi penutup dari actives yg aku pakeğŸ˜Œ sudah pake dari awal launching dan walopun coba merk lain, mesti balik lagi sama iniğŸ˜­ğŸ‘ udah ga tau brp botol yg kuhabiskan, mungkin udah lebih 5 yak. thank you skin game for making this amazing moisturizerâœ¨ï¸",Skin Game Daily Kind Moisturizer,bintang 5,Atiyah,2023-04-05
"effective banget, jerawat super gede dalam 2 hari lgsg kempes dikasih ini. recommendedğŸ‘ğŸ»",Skin Game Acne Warrior,bintang 5,C***e,2023-04-05
"Cocok di kulit, melembabkan tapi ga bikin berminyak. Packaging aman banget pake kardus padahal cuma beli 1",Skin Game Daily Kind Moisturizer,bintang 5,Malika,2023-04-05
"bagus sih, tapi kalau udh mau habis keluarin dari botolnya susah soalnya botol besi wkwkwk",Skin Game Daily Kind Moisturizer,bintang 4,Nabil,2023-04-05
bikin kulit jadi kenyal,Skin Game Theory of Everything,bintang 5,Dewi,2023-04-05
bikin kulit ga kering tapi warnanya ga lebay,Skin Game Dew Me Right Lip Oil 5 gr,bintang 5,Dewi,2023-04-05
Dapat harga murah sesuai pesanan juga makasih kak,Skin Game Daily Kind Moisturizer,bintang 5,Aris,2023-12-31
"Teksturnya gel jadi gampang menyerap, nggak sticky, cukup melembabkan, dan harganya juga terjangkau kalau dibandingkan moisturizer merk lain",Skin Game Daily Kind Moisturizer,bintang 5,A***m,2023-12-31
"tq ya skin game, blum dcoba, smoga cocok",Skin Game Daily Kind Moisturizer,bintang 5,D***s,2023-12-31
"pengiriman cepat, produknya oke, melembabkan bgt",Skin Game Daily Kind Moisturizer,bintang 5,D***i,2023-12-31
"Kemasan premium, murah, seller responsif. Texture awal lengket tp setelah dipakai tdk terasa lengket lg. Cepat menyerap.",Skin Game Daily Kind Moisturizer,bintang 5,s***t,2023-12-31
"Dikemas dengan seksama, dan tiba dalam waktu yang sesingkat-singkatnya. Exp date msh panjang. Sudah cocok dg pelembab ini, nyaman di kulit kombinasiku. Terima kasih.",Skin Game Daily Kind Moisturizer,bintang 5,I***i,2023-12-31
"cair, ada terasa ada oilnya, tapi ga ganggu koq, wangi oilnya dan bahan kimia. melembabkan.",Skin Game Kind Toner,bintang 5,N***l,2023-12-31
packaging aman.,Bubble Wrap (Pelindung Produk),bintang 5,Nurul,2023-12-31
"teksturnya cair banget, ga lengket, tapi emang melembabkan bgt. ukurannya besar, untuk harga segitu worth it banget.",Skin Game Daily Kind Moisturizer,bintang 5,N***l,2023-12-31
"cocok , mantap bner dikulit oily Acne prone ,dan ingredient gk neko neko",Skin Game Daily Kind Moisturizer,bintang 5,X,2023-12-31
"so far skingame emang obat totol paling bagus yang pernah ku pakai, tp ini kenapa gedenya beda dr yang lama ya? padahal isinya sama 30gr?",Skin Game Acne Warrior,bintang 4,pujanerubyjane,2023-12-31
"Moisturizer kecintaan akuhhhhğŸ¥°ğŸ¥°
Udah abis sebotol yg kecil, karena seenak itu jadi beli yg gede. Tekturnya ringan, tapi melembabkannya tetep mantul. SukaaağŸ–¤",Skin Game Daily Kind Moisturizer,bintang 5,Riski,2023-12-31
barang nyampe dengan aman dan sesuai deskripsi,Skin Game Daily Kind Moisturizer,bintang 5,Muhammad,2023-12-31
Obat jerawat paling ampuh buat ku,Skin Game Acne Warrior,bintang 5,M***a,2023-12-31
"Barang sesuai, suka banget, TOP!",Skin Game Daily Kind Moisturizer,bintang 5,Adrian,2023-12-31
Mantap,Skin Game Daily Kind Moisturizer,bintang 5,I***a,2023-12-31
"Pesanan sesuai, packing aman, thank you seller",Skin Game Theory of Everything,bintang 5,B***s,2023-12-31
pemakaian seminggu. skin barrier jadi kokoh banget ğŸ‘Œ,Skin Game Daily Kind Moisturizer,bintang 5,H***a,2023-12-31
Ampuh bangett buat beruntusan dan jerawat sekali pake langsung keliataan,Skin Game Acne Warrior,bintang 5,Rachel,2023-12-31
"Bagus, sayang kalo isinya sudah sedikit susah banget pumpingnya",Skin Game Daily Kind Moisturizer,bintang 5,Agridamdam,2023-12-31
"udah beli yang ke2x, obat jerawat terampuh yang pernah aku beli, paling ampuh kalo dipakai malam hari sebelum tidur, dah dijamin kempes,jerawat gak balik lg, n gak ada bekas jerawat, (pokokx jangan di pencet aja jerawatnya Neng, luka, item deh)

btw, expired masih lama, kalau di toko lain expiredx deket banget di tahun ini, official emang besst, harganya bikin nangish dompet",Skin Game Acne Warrior,bintang 5,N***g,2023-12-31
"teksturnya enak, dan tidak berat, mudah nyerap, kemasan bagus dan tidak ada kerusakan",Skin Game Daily Kind Moisturizer,bintang 5,armando,2023-12-31
Design kemasannya âœ¨ semoga isinya juga bagus,Skin Game Daily Kind Moisturizer,bintang 5,S***m,2023-12-31
"tekstur ringan watery gel gitu, so far cocok di kulit karena komedo ngga keluar dan ngga bikin muka berminyak. tapi kalo dipakein bb cream jadi ngelupas ğŸ¥²",Skin Game Daily Kind Moisturizer,bintang 5,B***a,2023-12-31
Bagus packing rapih aman,Skin Game Acne Warrior 10 gr,bintang 5,M***r,2023-12-31
No review found,Skin Game Acne Warrior,bintang 5,elin,2023-12-31
"Ya mending beli yg gede sekalian sih saran saya, ini ga worth it bgt 75rb trs isinya banyakan udara nyağŸ˜¢ saya beli yg kecil krna niat nya nyoba dlu takut ga cocok, smoga cocok, kalo cocok bru ntr saya beli yg gedeğŸ‘ğŸ»",Skin Game Acne Warrior 10 gr,bintang 4,S***e,2023-12-31
"udah repurchase, cocok di aku. moisturizernya cocok dipake siang untuk kulit berminyak dan berjerawat. karena ringan banget.",Skin Game Daily Kind Moisturizer,bintang 5,C***a,2023-12-31
pengiriman cepat,Skin Game Daily Kind Moisturizer,bintang 5,A***a,2023-12-31
Mantul surantul ğŸ‘,Skin Game Daily Kind Moisturizer,bintang 5,Agus,2023-12-31
best hydrating toner! udah repurchase berkali2 luv bgtt,Skin Game Kind Toner,bintang 5,N***a,2023-12-31
semoga efeknya sesuai dengan hypenya !! thanjs,Skin Game Acne Warrior,bintang 5,Adam,2023-12-31
Pengiriman dari si cepatnya lama banget euy,Skin Game Acne Warrior,bintang 5,A***a,2023-12-31
sudah sampai terimakasih. suka bgt sama packaging serum yang baruğŸ˜ƒ,Skin Game Bright Bundle (Theory of Everything & Spot Guard),bintang 5,T***a,2023-12-31
"Totol jerawat, semoga efektif mengobati jerawatnya, packing aman dan pengiriman cepat sampai",Skin Game Acne Warrior 10 gr,bintang 5,A***i,2023-12-31
"Mantep sih, ada harga ada kualitas. Melembabkan dan ngasih warna pink natural di bibir, padahal bibir saya cenderung hitam. Kadang kalo malam saya apply lip oil ini + lip mask merk lain biar lembabnya lebih long last. pagi2 bangun dengan bibir lembab. syenaaang~",Skin Game Dew Me Right Lip Oil 5 gr,bintang 5,S***y,2023-12-31
"Cocok sama kulit anak yang masi ABG. On time delivery, packing nya ga perlu diragukan lagi, rapi n aman.",Skin Game Acne Warrior 10 gr,bintang 5,Y***i,2023-12-31
sampai saat ini baru skin game satu-satunya moisturizer yang cocok di kulit muka akuğŸ¤,Skin Game Daily Kind Moisturizer,bintang 5,t***a,2023-12-31
"udah langganan beli disini, botol kedua setelah sebelumnya cobain yg kecil. terbukti ampuh melembabkan dan enaak di muka akuu! lovvvğŸ’•âœ¨ğŸ¥¹",Skin Game Daily Kind Moisturizer,bintang 5,J***e,2023-12-31
"baru pertama kali coba moisturizer skingame padahal sebelumnya udah pernah rekomen temen yg brentusan abis pake moisturizer viral skin****c dan ampuh..kebalik yaa rekomen temen dulu baru coba buat sendiri haha
semoga cocok ğŸ¤­",Skin Game Daily Kind Moisturizer,bintang 4,A***a,2023-12-01
No review found,Skin Game Acne Warrior 10 gr,bintang 5,F***e,2023-12-01
Produk sudah diterima.,Eco Friendly Wrap (Pelindung Produk Ramah Lingkungan),bintang 5,michael,2023-12-01
Produk sudah diterima.,Skin Game Acne Warrior 10 gr,bintang 5,michael,2023-12-01
"Udah sering pake ini, isinya banyak dan bahannya ga neko2 fkus melembabkan",Skin Game Daily Kind Moisturizer,bintang 5,Vendi,2023-12-01
Tekstur Ringan! Pengiriman Cepat,Skin Game Daily Kind Moisturizer,bintang 5,Naufal,2023-12-01
"respon toko nya cepet dan ramah. belum dicoba, mudah mudahan cocok",Skin Game Daily Kind Moisturizer,bintang 5,f***a,2023-12-01
Sdh langganan sll beli disiniğŸ‘ğŸ»,Skin Game Daily Kind Facial Wash,bintang 5,Y***a,Lebih dari 1 tahun lalu
"packaging aman, barang ori, pengiriman agak lama, semoga cocok",Skin Game Spot Guard Serum,bintang 5,Muhammad,Lebih dari 1 tahun lalu
No review found,Skin Game Daily Kind Moisturizer,bintang 5,I***a,Lebih dari 1 tahun lalu
"semoga cocok di aku, tapi saran buat lem dibagian tutup sama body nya kalo bisa jangan pake solasiban soalnya susah bukanya:(",Skin Game Daily Kind Moisturizer,bintang 5,Ginna,Lebih dari 1 tahun lalu
"moisturizer favorittt, setelah coba2 yg lain tetep aja beli ini lagi ujung2nyağŸ™ƒ ringan bgtt cocok buat oily skin yg kalo pake cream gt pasti ngerasa berat bgt.. ini tuh gelnya gampang bgt melt gituu pas kena kulit",Skin Game Daily Kind Moisturizer,bintang 5,N***a,Lebih dari 1 tahun lalu
"penguruman cepat, packing aman, bikin lembab tapi cepat meresap suka bangeettğŸ˜",Skin Game Daily Kind Moisturizer,bintang 5,S***a,Lebih dari 1 tahun lalu
"botol ke sekian, cocok bgt",Skin Game Daily Kind Moisturizer,bintang 5,Melina,Lebih dari 1 tahun lalu
untuk travel pas bgt sih,Skin Game Daily Kind Moisturizer 50 ml,bintang 5,Melina,Lebih dari 1 tahun lalu
ngirimnya cepet. produknya aman. rekomen,Skin Game Acne Warrior 10 gr,bintang 5,N***n,Lebih dari 1 tahun lalu
Murah meriah muaaahhh,Skin Game Daily Kind Moisturizer 50 ml,bintang 5,Agridamdam,Lebih dari 1 tahun lalu
ok buat totol jerawat nya mantab,Skin Game Acne Warrior 10 gr,bintang 5,Sitti,Lebih dari 1 tahun lalu
Yeayy!!! Udah liat review2 katanya bagus jadi coba beli makasihh skingame packingnya bagus dan ini gemess!!,Skin Game Daily Kind Moisturizer,bintang 5,Farah,Lebih dari 1 tahun lalu
Aman sih sampe sekarang. Ganti packaging. Dulu tempatnya mirip dengan kind moisturizer dan ditempel stiker. Sekarang plastik tebel. Lumayan suka dengan ini. Packing aman sesuai request dan servis cepat. Makasi skingame,Skin Game Spot Guard Serum,bintang 5,Syarifah,Lebih dari 1 tahun lalu
Ga pelit dikasinya. Skincare aman sampe tujuan,Bubble Wrap (Pelindung Produk),bintang 5,S***h,Lebih dari 1 tahun lalu
"Udah repurchase ketiga kalinya, dan jadi sunscreen favorit untuk saat ini. Packing juga sesuai request, rapi dan proses cepat. Makasi skingame ğŸ‘ŒğŸ¼",Skin Game Cloud Sunscreen 15gr dan 80gr,bintang 5,S***h,Lebih dari 1 tahun lalu
"lumayan cocok, harganya jg murah",Skin Game Daily Kind Moisturizer,bintang 5,fini,Lebih dari 1 tahun lalu
good,Skin Game Pink Hero,bintang 5,p***a,Lebih dari 1 tahun lalu
"suka sama kemasan nya, teksturnya kentel banget tapi pas dioles ke wajah langsung mencair gt trus nyeess tapi sayang dikulit aku kyanya kurang cocok huhu .. 
dikasih bonus jga .. terimakasih",Skin Game Daily Kind Moisturizer 50 ml,bintang 5,A***i,Lebih dari 1 tahun lalu
Mantapsssss!,Skin Game Scrumble Bundle (Kind Moisturizer + Rest Facal Oil),bintang 5,margaux,Lebih dari 1 tahun lalu
bagus banget!,Skin Game Daily Kind Facial Wash,bintang 5,Z***o,Lebih dari 1 tahun lalu
"Teksturnya ringan cepat meresap ke kulit pokoknya enak dikulit worth it banget WTB pokoknya ğŸ‘ 
Thanks Skin Game ğŸ¤",Skin Game Daily Kind Moisturizer 50 ml,bintang 5,M***u,Lebih dari 1 tahun lalu
Iâ€™m so sad because this product didnâ€™t works on my acne prone skin ğŸ’”,Skin Game Daily Kind Moisturizer,bintang 3,C***y,Lebih dari 1 tahun lalu
No review found,Skin Game Pink Hero,bintang 5,A***a,Lebih dari 1 tahun lalu
mantab packaging nya barang sampaidenga  selamat dan utuh,Skin Game Acne Warrior 10 gr,bintang 5,Liya,Lebih dari 1 tahun lalu
"Awalnya iseng nyoba karena setelah research, price range skin game moisturizer ini murce dibanding yang lain. Turns out, bagussss bangett?! This product deserves more recognitionnnn. Packaging nya bentuk pump jadi enak higienis, praktis, ga takut kegencet juga kalau mau dibawa. Teksturnya cepet menyerap tapi ga ketebalan kalau mau dipakai siang-siang. Definetely will repurchase sihğŸ©·",Skin Game Daily Kind Moisturizer,bintang 5,Inge,Lebih dari 1 tahun lalu
"dulu pake masih kemasan lama (jar) dan emang baguss muka membaikk setahun eh gaperna maskeran lagi balik lagi breakout wkwk, jadi sekarang balik pake lagii 2 combo ini ğŸ˜ğŸ’—",Skin Game Pink Hero,bintang 5,l***a,Lebih dari 1 tahun lalu
"krimnya padat, membantu mengempeskan jerawat tapi ga besoknya langsung kempes. butuh 2-3 hari",Skin Game Acne Warrior 10 gr,bintang 5,Amalia,Lebih dari 1 tahun lalu
"Dikemas dengan seksama, dan tiba dalam waktu yang sesingkat-singkatnya. Good product. Sdh beberapa kali repeat order produk ini. Nyaman di kulit, melembabkan, tdk bikin gerah. Aman di kulit kombinasi, tdk menyumbat pori-pori. Terima kasih seller.",Skin Game Daily Kind Moisturizer,bintang 5,I***i,Lebih dari 1 tahun lalu
paketnya safely arrived!! moisturizer nya ringan banget dipake. semoga cocok di aku. adminnya responsif dan sangat membantu. terima kasih1!1!,Acne Barrier Bundle (Acne Warrior dan Kind Moisturizer),bintang 4,R***i,Lebih dari 1 tahun lalu
smoga cocok di kulit akyu ğŸ˜š tq ya,Skin Game Theory of Everything,bintang 5,d***s,Lebih dari 1 tahun lalu
"muka lg kering parah sampe beruntus dan ada luka, coba ini baru 2x pemakaian langsung lembab, luka merah2 juga jg cepet nutup kulitnya, wajah jdi cerah jg, bener2 kaget ngefek bagusnya bisa cepet, tp suami coba, jenis kulit kebalikan, dia berminyak dan gampang jerawat, dia kurang cocok pake ini, kaya mulai muncul jerawat",Skin Game Daily Kind Moisturizer 50 ml,bintang 5,Z***a,Lebih dari 1 tahun lalu
"best purchase ever!! worth every dime, inii bener2 bantu jerawat cyst yg lg radang",Skin Game Acne Warrior,bintang 5,n***h,Lebih dari 1 tahun lalu
"enak dimuka moisturizernya, rasanya ga terlalu lengket dimuka",Skin Game Daily Kind Moisturizer,bintang 5,Adhi,Lebih dari 1 tahun lalu
semoga cocok,Skin Game Dew Me Right Lip Oil 5 gr,bintang 5,F***y,Lebih dari 1 tahun lalu
"Alhamdulillah anakku cocok pake rangkaian produk skin game, untuk kulit jerawat. 
And seller jg active response pertanyaan",Skin Game Acne Combat Serum,bintang 5,Erika,Lebih dari 1 tahun lalu
"Alhamdulillah anakku cocok pake rangkaian produk skin game, untuk kulit jerawat. 
And seller jg active response pertanyaan",Acne Barrier Bundle (Acne Warrior dan Kind Moisturizer),bintang 5,Erika,Lebih dari 1 tahun lalu
"Alhamdulillah anakku cocok pake rangkaian produk skin game, untuk kulit jerawat. 
And seller jg active response pertanyaan",Skin Game Spray Kind Toner,bintang 5,Erika,Lebih dari 1 tahun lalu
"Melembabkan tanpa buat kulit berminyak, menyerap cepat dan sangat nyaman dikulit ğŸ¤",Skin Game Daily Kind Moisturizer,bintang 5,Melita,Lebih dari 1 tahun lalu
"Pengirimannya cepat dan ga sabar makenya, soalnya banyak liat rekomendasi di twitter...",Skin Game Daily Kind Moisturizer 50 ml,bintang 5,N***a,Lebih dari 1 tahun lalu
Seller fast respond & pengiriman cepat sehari sampai aman pakai bubble wrap juga box. Dapat harga diskon flash sale jadi murmer & expired date masih 2025. Sudah pembelian yg kesekian kali krn cocok pakai moisturizer ini ga lengket cepat menyerap dan lembab. Recommended seller.,Skin Game Daily Kind Moisturizer,bintang 5,F***a,Lebih dari 1 tahun lalu
"packagingnya parah sih, yg pink hero ngelupas gitu jd keliatan tube dalemnya. tapi yg paling ganggu pas buka aluminium kedua cream nya, susah dilepas jadi masih ada sisa plastik dan nggak bisa kebuka sempurna, alhasil cream nya keluar dari sela2 plastiknya :( semoga bisa lebih baik lagi untuk experince usingnya karena produknya cukup ngaruh di kulit aku",Skin Game Bundle Acne Fighter (Acne Warrior & Pink Hero),bintang 4,riska,Lebih dari 1 tahun lalu
"kemasannya praktis. moisterizer nya jg cepet bgt nyerepnya, exp nya jg masih lama. makasi â˜ºï¸",Skin Game Daily Kind Moisturizer,bintang 5,C***k,Lebih dari 1 tahun lalu
pembelian yang kedua kalinya. memuaskan. hasilnya ajaib dan kalau abis bakal beli lagi di sini,Skin Game Daily Kind Moisturizer,bintang 5,Roby,Lebih dari 1 tahun lalu
barang original dan tidak ada cacat sama sekaliğŸ˜„,Skin Game Daily Kind Moisturizer,bintang 5,Dirga,Lebih dari 1 tahun lalu
"kualitas produk baik,
untuk kulit sensitif recomendasi,

jika pakai Cetaphil GK suka karena GK busa,bisa pakai ini less busa,
GK kering,

untuk kulit minyak sangat di rekomendasikan untuk pakai cleansing milk/cleansing oil dahulu
untuk bersih maksimal,

kalau saya sudah 2x cuci muka pakai ini,",Skin Game Daily Kind Facial Wash,bintang 5,Kelvin,Lebih dari 1 tahun lalu
Walaupun barangnya kecil tapi dipacking pake box supaya aman. Udah dicobain pake semalem dan jerawat emang lumayan jadi kering cuma utk bekas belum tau apakah ga berbekas atau meninggalkan bekas.,Skin Game Acne Warrior 10 gr,bintang 5,Chitra,Lebih dari 1 tahun lalu
"mantab, light banget ini, cocok buat yg ga seneng keliatan pake skincare tp sbnrnya ttp sehat mukanya",Skin Game Daily Kind Moisturizer,bintang 5,R***o,Lebih dari 1 tahun lalu
Baru coba semingguan. Belum terlalu terlihat hasilnya. Mudah2an oke yaaa,Skin Game Daily Kind Moisturizer 50 ml,bintang 5,A***g,Lebih dari 1 tahun lalu
paking aman mantap dah,Skin Game Acne Warrior 10 gr,bintang 5,M***i,Lebih dari 1 tahun lalu
sudah laamaaa pakai facial wash ini. tambah maju ya skin game! toopppp,Skin Game Daily Kind Facial Wash,bintang 5,Renny,Lebih dari 1 tahun lalu
"Acne barrier-nya bagus, bekerja dengan cepat meredakan jerawat. Moisturizernya juga bagus. Tekstur ringan tidak lengket dikulit",Acne Barrier Bundle (Acne Warrior dan Kind Moisturizer),bintang 5,N***k,Lebih dari 1 tahun lalu
"barang dtg lumayan cepet, packaging bagus memakai kardus. baru pertama kali nyoba sih... enak d muka mudah d blend, tidak ada bau.
semoga cocok ya min.",Skin Game Daily Kind Moisturizer 50 ml,bintang 5,PIPIT,Lebih dari 1 tahun lalu
"sudah pembelian kedua, selalu pakau setiap hari dan sebelum makeup jadi bagus ngeset.",Skin Game Theory of Everything,bintang 5,S***i,Lebih dari 1 tahun lalu
"pengiriman cepat, barangnya aman, tapi belum dicoba, mudah""an memberikan manfaat yg efektif",Skin Game Acne Warrior 10 gr,bintang 4,Andi,Lebih dari 1 tahun lalu
"Produk hebat, ga bikin iritasi & baru 1 minggu pemakaian udah keliatan hasilnya",Acne Barrier Bundle (Acne Warrior dan Kind Moisturizer),bintang 5,Nur,Lebih dari 1 tahun lalu
"Produk mantap, ga bikin iritasi & minyakan, overall bagus, cuma mahal dikit",Skin Game Cloud Sunscreen 15gr dan 80gr,bintang 5,Nur,Lebih dari 1 tahun lalu
"Repurchase, udah nyaman banget pakai moisturizer skingame, masih belum mau ganti. Kekurangannya, kalau isinya udh mau habis, susah buat dikeluarin, kayanya selang pumpnya kurang panjang. Semoga dibenerin kemasannya soon oleh tim skinhame",Skin Game Daily Kind Moisturizer,bintang 5,Mimi,Lebih dari 1 tahun lalu
Cocok untuk kulit berjerawat sbg skin barrier agar jerawat tidak nambah,Skin Game Daily Kind Moisturizer 50 ml,bintang 5,Taufan,Lebih dari 1 tahun lalu
"akhirnyaaaa nemuin moisturizer super nyaman dan cocokkk. ini bentuknya gel, ngga greasy, gampang menyerap, ngga bau apapun, ngga lengket setelahnya. suka bgt! botolnya jg cakep & aman bgt krn pake pump. dan isinya banyak, harganya ok.",Skin Game Daily Kind Moisturizer,bintang 5,R***a,Lebih dari 1 tahun lalu
"pake yg kecil cocok, tp pas coba yg ini ga cocok. jerawat ga ilang, malah mendem jadi benjolan gosong tp ga ilang2 lama banget. keluar enggak ilang jg enggak. trus nimbulin jerawat ditempat lain dikulit yg mulus2 aja. sebel bgt",Skin Game Acne Warrior,bintang 2,c***e,Lebih dari 1 tahun lalu
Tutup pumpnya gak bisa berfungsi. Tp ok gentle bgt washnya,Skin Game Daily Kind Facial Wash,bintang 4,I***e,Lebih dari 1 tahun lalu
Thick enough packing bagus dan aman. Mudah pengaplikasiannya,Skin Game Daily Kind Moisturizer,bintang 5,I***e,Lebih dari 1 tahun lalu
Pertama kali coba packaging baru semoga tidak banyak problem,Skin Game Spot Guard Serum,bintang 5,C***e,Lebih dari 1 tahun lalu
pembelian ke 2.. cocok banget ternyata di kulit saya.. aaah senangnya. thank you skin game,Skin Game Daily Kind Moisturizer 50 ml,bintang 5,Indah,Lebih dari 1 tahun lalu
akhirnya nemu sunscreen yang ngga bikin muka kusam dan pillingğŸ¥¹,Skin Game Cloud Sunscreen 15gr dan 80gr,bintang 5,G***e,Lebih dari 1 tahun lalu
"Baik bangett aku beli lagi, dikasi bonus masker rambut yg wangi bgt, dan bikin rambut super halus anti lepek.",Skin Game Daily Kind Facial Wash,bintang 5,Fatimah,Lebih dari 1 tahun lalu
"fw enak sih dipake nya, terus byk busa nya jd pake sedikit aja tuh udah bisa full semuka ampe ke leher & cocok bgt buat kulitku yang sensitif",Skin Game Daily Kind Facial Wash,bintang 5,s***a,Lebih dari 1 tahun lalu
"Material bagus, packaging aman ga bocor. tekstur gel langsung meresap, aman dari fragrance, packaging pump juga hygenis. semoga kulit sensitif saya cocok. Terimakasih ya",Skin Game Daily Kind Moisturizer,bintang 5,Angelia,Lebih dari 1 tahun lalu
"bagus, pasti RO",Skin Game Daily Kind Moisturizer 50 ml,bintang 5,Rskyarsto,Lebih dari 1 tahun lalu
Baguus bagus cocok,Skin Game Daily Kind Moisturizer,bintang 5,Farhan,Lebih dari 1 tahun lalu
"cepet bgt, cantik, mana dapet voucher lagi â¤ï¸",Skin Game Daily Kind Moisturizer,bintang 5,Z***a,Lebih dari 1 tahun lalu
"cocok sama kulitku, light banget sih formulanya, dapet freebie giveaway juga <3",Skin Game Daily Kind Moisturizer 50 ml,bintang 5,B***a,Lebih dari 1 tahun lalu
"Produk yg terbaru ini lebih bagus, lebih bisa blend ke kulit ketimbang yg saya beli awal2",Skin Game Cloud Sunscreen 15gr dan 80gr,bintang 5,M***d,Lebih dari 1 tahun lalu
"awalnya coba pakai, ternyata mayan cocok 

suka banget sama produknya",Skin Game Scrumble Bundle (Kind Moisturizer + Rest Facal Oil),bintang 5,Y***a,Lebih dari 1 tahun lalu
sesuai foto ğŸ’¯,Skin Game Acne Warrior,bintang 5,B***y,Lebih dari 1 tahun lalu
"Bagus, ringan",Skin Game Daily Kind Moisturizer,bintang 5,t***y,Lebih dari 1 tahun lalu
barang berkualitas,Skin Game Cloud Sunscreen 15gr dan 80gr,bintang 5,Fether,Lebih dari 1 tahun lalu
barang berkualitas dan paket diterima dengan baik,Skin Game Bright Bundle (Theory of Everything & Spot Guard),bintang 5,Fether,Lebih dari 1 tahun lalu
"Packing aman, barangnya juga ori Skin Game. Masih nyobain. Mudah-mudahan cocok. ğŸ˜ŠğŸ™",Skin Game Daily Kind Moisturizer,bintang 5,A***i,Lebih dari 1 tahun lalu
"cocok banget pakai iniii, mau beli sama kind tonernya juga tapi abis",Skin Game Daily Kind Facial Wash,bintang 5,I***a,Lebih dari 1 tahun lalu
masih sedikit agak ketarik setelah cuci muka.. walaupun gk ketarik bgt bgt..,Skin Game Daily Kind Facial Wash,bintang 4,E***n,Lebih dari 1 tahun lalu
Mantap cuy rasanya kaya nano nano,Skin Game Daily Kind Moisturizer,bintang 5,Adon,Lebih dari 1 tahun lalu
"Bagus.pengiriman oke,dapet hadiah hair mask hahahaha",Skin Game Daily Kind Moisturizer 50 ml,bintang 5,I***A,Lebih dari 1 tahun lalu
cangkepğŸ¤¸,Skin Game Daily Kind Facial Wash,bintang 5,Stya,Lebih dari 1 tahun lalu
Free Hair Spa Mask dan Voucher 25k ğŸ˜,Skin Game Daily Kind Moisturizer,bintang 5,F***y,Lebih dari 1 tahun lalu
My savior dikala muka lagi break out. Dulu sempet break out parah trus sembuh gara2 acne warrior ini ğŸ¥¹ğŸ¥¹âœ¨âœ¨âœ¨â¤ï¸,Skin Game Acne Warrior 10 gr,bintang 5,Nastassyah,Lebih dari 1 tahun lalu
Paketan sampai belum dicoba tapi semoga cocok biar bisa pesen lagi,Skin Game Daily Kind Moisturizer 50 ml,bintang 5,Melly,Lebih dari 1 tahun lalu
"Beli satu dapet banyak dong. Dikasih bonus hair spa mask sama voucher 25k buat beli baju.
Packagingnya bagus dan minimalis. Texturenya gel, dicoba oles ditangan butuh kiraâ€ satu menit baru meresap dan ga lengket. Sensasi waktu nyentuh kulit itu seger. Kalo kebanyakan dan belum menyerap sempurna, jelas akan sedikit lengketâ€ gitu kalo disentuh. Wanginya bukan kayak yg enak banget gitu tapi amanâ€ aja. 
Cocok banget buat kulit oily dan kombinasi. Untuk kulit kering juga bisa tapi penggunaannya akan lebih banyak atau mungkin bisa ditambah dengan penggunaan face oil.",Skin Game Daily Kind Moisturizer 50 ml,bintang 5,S***y,Lebih dari 1 tahun lalu
Bagus bgt cocok pake ini semoga w ada duit buat beli iniğŸ˜­,Skin Game Daily Kind Facial Wash,bintang 5,Clothes,Lebih dari 1 tahun lalu
"asik banget masih dapet free hair mask, sering2in order ada free ya ka seneng banget jadi pecinta skingame â¤ï¸â¤ï¸",Skin Game Acne Combat Serum,bintang 5,feby,Lebih dari 1 tahun lalu
"Dapat bonus hair mask juga, bagus sekali",Skin Game Acne Warrior,bintang 5,K***r,Lebih dari 1 tahun lalu
"thank you, barangnya cepat sampai dan dapat bonus hair conditioner dan voucer belanja, makasih sekali lagi skin game semoga produknya cocok dan bermanfaat buat kulit ku",Skin Game Daily Kind Moisturizer,bintang 5,i***e,Lebih dari 1 tahun lalu
"pemesanan pertama, smg cocok dgn kulit sy.",Skin Game Daily Kind Moisturizer,bintang 5,L***a,Lebih dari 1 tahun lalu
No review found,Skin Game Daily Kind Facial Wash,bintang 5,A***a,Lebih dari 1 tahun lalu
No review found,Skin Game Daily Kind Moisturizer,bintang 5,A***a,Lebih dari 1 tahun lalu
No review found,Skin Game Daily Kind Moisturizer,bintang 5,L***y,Lebih dari 1 tahun lalu
"sampai dengan aman, semoga cocok ğŸ¤
makasih gift nyaa ğŸ«¶",Skin Game Daily Kind Moisturizer 50 ml,bintang 5,R***a,Lebih dari 1 tahun lalu
"Sukaaa bangettt, pake semalam jerawat yg kecil jadi kering, trus jerawat batu juga mulai ngeluarin matanya dalam semalam. sekarang jerawat batunya udah mengering sedikit demi sedikitt",Skin Game Acne Warrior,bintang 5,p***i,Lebih dari 1 tahun lalu
terima kasih free hair masknya ğŸ™ğŸ»,Skin Game Acne Warrior 10 gr,bintang 5,susan,Lebih dari 1 tahun lalu
terima kasih free hair masknya ğŸ™ğŸ»,Skin Game Dew Me Right Lip Oil 5 gr,bintang 5,susan,Lebih dari 1 tahun lalu
"produk nya sampai dengan cepat, dan dikasih bonus hair spa mask ğŸ‘ğŸ»ğŸ‘ğŸ»",Skin Game Dew Me Right Lip Oil 5 gr,bintang 5,O***a,Lebih dari 1 tahun lalu
"Hallo seller, ini pertama kalimya beli skin game acne warrior, ini salah satu woshlist ku sampe nabung nyisihin uang, eh pas ke checkout pengirimannya lama banget, estimasi tima tanggal 6, aku CO tanggal 1 baru sampe tanggal 8, padahal cuma dr jakarta ke jogja aja. terus pengirimannya pas aku cek malah lwt makassar, aneh bgt, karna uda sering beli barang di jakarta, paling lama 4 hari sampe, agak khawatir sbnrnya sama stabilitas obat dan sediaan produknya, tapi packaging aman si, semoga gapapa ya dan ngasi efek, walau teksturnya agak lengket dan warnanya ga bening ternyata, berharap banget sama produk ini, makasih",Skin Game Acne Warrior,bintang 3,A***l,Lebih dari 1 tahun lalu
semogaa cocokk makasi juga freebiesnyaaa,Skin Game Acne Warrior 10 gr,bintang 5,d***y,Lebih dari 1 tahun lalu
Bagus bgt ga narik kulit tp moist minyak2 bersih,Skin Game Daily Kind Facial Wash,bintang 5,Suci,Lebih dari 1 tahun lalu
Diluar ekspektasi si. Tnyt mate tone up ga greasy ga minyakan pas bgt pake ini ga usa pk porefessional lg uda bagus,Skin Game Cloud Sunscreen 15gr dan 80gr,bintang 5,Suci,Lebih dari 1 tahun lalu
"Barang diterima dalam kondisi baik dan dapat dipergunakan dengan baik. Cocok untuk kulit, tidak gatal dan panas.",Skin Game Bundle Acne Fighter (Acne Warrior & Pink Hero),bintang 5,Stefanus,Lebih dari 1 tahun lalu
"baru coba sekali, semoga cocok
makasiih dapet bonusan jugaa",Skin Game Daily Kind Moisturizer,bintang 5,S***a,Lebih dari 1 tahun lalu
"Sdh langganan, tiap habis sll beli disini, kali ini dpt free gift, thank you so muchâ¤ï¸â¤ï¸â¤ï¸",Skin Game Daily Kind Facial Wash,bintang 5,Y***a,Lebih dari 1 tahun lalu
"Setelah cocok sama moisturizer, skrg coba facial wash. Udahlah beli diskon dapet hair mask pula. Mantuliti",Skin Game Daily Kind Facial Wash,bintang 5,Fara,Lebih dari 1 tahun lalu
ada bonusnya. thannks!,Skin Game Spot Guard Serum,bintang 5,B***n,Lebih dari 1 tahun lalu
Calming bruntusan cuma dalam 1 minggu wkwk keren! Cuma packaging serumnya sedikit nyebelin karena bentuknya pump gituu,Skin Game Acne Duo (Acne Warrior & Acne Combat),bintang 5,Olivia,Lebih dari 1 tahun lalu
Dapet bonus ğŸ˜ğŸ‘ŒğŸ‘,Skin Game Dew Me Right Lip Oil 5 gr,bintang 5,R***l,Lebih dari 1 tahun lalu
mksh layanan cepat n dpt bonus lg sip,Skin Game Dew Me Right Lip Oil 5 gr,bintang 5,Aldy,Lebih dari 1 tahun lalu
"Serumnya cocok untuk saya sudah pembelian ke 2 lumayan bikin cerah wajah dan menyamarkan bekas jerawat dapat bonus hair mask untuk saat ini, thanks",Skin Game Spot Guard Serum,bintang 5,C***e,Lebih dari 1 tahun lalu
"Pengiriman cepat, harga murah, dan dapat bonus hair mask",Skin Game Daily Kind Moisturizer,bintang 5,F***h,Lebih dari 1 tahun lalu
"baru mau nyoba sih, padahal penasaran udah lama.. eh malah dapet bonus hairmask â¤â¤â¤",Skin Game Daily Kind Moisturizer 50 ml,bintang 5,D***n,Lebih dari 1 tahun lalu
ğŸ¥°ğŸ¥°ğŸ¥°,Acne Barrier Bundle (Acne Warrior dan Kind Moisturizer),bintang 5,M***a,Lebih dari 1 tahun lalu
"respon seller cepat, pengiriman cepat, packing aman",Acne Barrier Bundle (Acne Warrior dan Kind Moisturizer),bintang 5,Andriyani,Lebih dari 1 tahun lalu
"nyampenya cepet bgt, dan dapet bonus! thank you skingame, semoga your product especially this Kind Moisturizer is as kind as your name in my face <3",Skin Game Daily Kind Moisturizer,bintang 5,R***l,Lebih dari 1 tahun lalu
bagus buat dipake ditempat kerjağŸ˜˜,Skin Game Stay Hydrated Bottle (Botol Minum Ukuran 420ml),bintang 5,v***a,Lebih dari 1 tahun lalu
"udah lama pengen coba skingame tp maju mundur, semoga cocok ya kitağŸ«°ğŸ»",Skin Game Bright Bundle (Theory of Everything & Spot Guard),bintang 5,v***a,Lebih dari 1 tahun lalu
teksturnya cepet nyerap banget dikulit dan yang menyenangkan ternyata bantu menenangkan kulitku yang entah kenapa tiba2 kering dan iritasi. thanks skingame,Skin Game Daily Kind Moisturizer 50 ml,bintang 5,Indah,Lebih dari 1 tahun lalu
"Kemasan bagus, packing aman, barang masih tersegel dan diterima dalam keadaan aman. Trims utk bonusnya ğŸ˜Š",Skin Game Acne Warrior,bintang 5,R***i,Lebih dari 1 tahun lalu
"Kemasan bagus, packing aman, barang masih tersegel dan diterima dalam keadaan aman. Trims utk bonusnya ğŸ˜Š",Skin Game Theory of Everything,bintang 5,R***i,Lebih dari 1 tahun lalu
"Formulasinya enak banget buat oily skin, tetep lembab tp nggak berat, affordable jg dgn harga segitu dan 150 mL ğŸ‘ğŸ»ğŸ‘ğŸ»ğŸ‘ğŸ»",Skin Game Daily Kind Moisturizer,bintang 5,Rinda,Lebih dari 1 tahun lalu
"Dikasi free gift jg, keren2..",Skin Game Daily Kind Moisturizer 50 ml,bintang 5,A***a,Lebih dari 1 tahun lalu
texturenya cair tapi sangat2 hydrating. berasa cuci muka tapi hydrating. tidak seperti merk lain yang hydrating tp berasa muka masih aja minyakan. akan repurchase karena harganya yang oke dan cocok dengan kulit. botolnya juga lucu. pakai almunium(?),Skin Game Daily Kind Facial Wash,bintang 5,Irene,Lebih dari 1 tahun lalu
"baru mau cobaaa, semoga cocokk! hehe dapet bonus hair spa mask thank you!",Skin Game Acne Warrior 10 gr,bintang 5,caca,Lebih dari 1 tahun lalu
semoga aku juga cocok yaa sm produknya ğŸ¤—,Skin Game Microfiber Gloves,bintang 5,F***a,Lebih dari 1 tahun lalu
Baru coba pertama kali. Semoga cocok!,Skin Game Daily Kind Moisturizer,bintang 5,F***y,Lebih dari 1 tahun lalu
"mantull, udh botol keduaağŸ‘ğŸ¼
selain melembabkan, di kulitku juga bisa bikin bruntusan agak hilang, pokoknya worth it untuk dibeliğŸ‘ğŸ¼ğŸ‘ğŸ¼ğŸ«¶ğŸ»ğŸ’—
seringÂ² adain diskon yh min whehe",Skin Game Daily Kind Moisturizer,bintang 5,a***a,Lebih dari 1 tahun lalu
"kalau lihat review2 skin game moisturizer ini murah krna dibawah 100rb dan isinya banyak 50ml. udah pakai kurang lebih 2 mingguan ini enak banget, gampang menyerap dan melembabkan kulitku yg keringg. terima kasih skin game!",Skin Game Daily Kind Moisturizer 50 ml,bintang 5,J***e,Lebih dari 1 tahun lalu
No review found,Skin Game Acne Warrior,bintang 5,Jay,Lebih dari 1 tahun lalu
No review found,Skin Game Acne Warrior,bintang 5,N***a,Lebih dari 1 tahun lalu
"produk baik,semoga cocok.",Skin Game Daily Kind Moisturizer 50 ml,bintang 5,y***l,Lebih dari 1 tahun lalu
No review found,Skin Game Daily Kind Moisturizer 50 ml,bintang 5,H***a,Lebih dari 1 tahun lalu
"tekstur cair, mudah meresap, cocok untuk kulit kombinasi ku",Skin Game Daily Kind Moisturizer 50 ml,bintang 5,CikiDaaw,Lebih dari 1 tahun lalu
Aman packingnya dan cepet servisnya. Sunscreen skin game sekarang jadi skincare basic favorit â™¥ï¸,Skin Game Cloud Sunscreen 15gr dan 80gr,bintang 5,Syarifah,Lebih dari 1 tahun lalu
Telah diterima,Skin Game Daily Kind Moisturizer,bintang 5,Burhan,Lebih dari 1 tahun lalu
"Ukuran cocok utk dibawa traveling, seperti biasa moisturizer paling aman dan nyaman. Loveee ğŸ’",Skin Game Daily Kind Moisturizer 50 ml,bintang 5,Nadine,Lebih dari 1 tahun lalu
"Beli lagi yang moisturizer, dipake di kulit kerasa adem. Bikin kulit lembab. Ukurannya juga gede, isinya banyak, dan botolnya bener - bener aman. Sekarang mau coba yang facial washnya.
Suka sama botolnya. Cakep.",Skin Game Kindness Bundle (Kind Facial Wash & Kind Moisturizer),bintang 5,A***a,Lebih dari 1 tahun lalu
ğŸ‘ğŸ‘ cuma lumayan lama dipengiriman mungkin karna beda pulau ya.,Skin Game Daily Kind Moisturizer,bintang 5,m***h,Lebih dari 1 tahun lalu
"Barangnya sampai dengan aman. Katanya meredakan jerawat, semoga sangat ngaruh yaa, udah struggle dengan jerawat 3 bulan ini. 

Pengiriman lama, ntah karena dilayani lgsg dari tokped ataupun jasa ekspedisinya.",Skin Game Acne Warrior,bintang 5,Natalie,Lebih dari 1 tahun lalu
bagus kok kalo dikombinasi sm cream lainnya,Skin Game Daily Kind Moisturizer,bintang 5,W***i,Lebih dari 1 tahun lalu
"Baru pake 2 kali. Entah lebay atau gimana, tapi merasa jerawatnya udah lebih calmdown. Semoga memang ngefek",Skin Game Acne Combat Serum,bintang 5,Natalie,Lebih dari 1 tahun lalu
"pengemasan dan delivery cepat, barang tiba aman dan lengkap, berfungsi dengan baik, beli lagi untuk restock karena yg di rumah sudah habis",Skin Game Daily Kind Moisturizer 50 ml,bintang 5,A***d,Lebih dari 1 tahun lalu
obat totol ter mantul walaupun harganya lumayan bikin sy boncos tapi tetap dibeli karna sebagusss ituuhh,Skin Game Acne Warrior,bintang 5,F***a,Lebih dari 1 tahun lalu
"packagingnya bagus, suka
waktu di apply ke muka sedikit lengket tp kalo udah kering ngga lengket lg
udah hari ke 5 pemakaian, kemerahan bekas bruntusan memudar ğŸ‘ğŸ»",Skin Game Daily Kind Moisturizer 50 ml,bintang 4,H***a,Lebih dari 1 tahun lalu
"Cocok sama kulit ak yg agak kering.. bukan yg sabun cuci muka bkin muka keset, tp bersih kokk ini.. teksturnya ak suka dan ga ad wanginya.. ğŸ‘ğŸ»ğŸ‘ğŸ» dapet hrg goodeal hihi thankyou",Skin Game Daily Kind Facial Wash,bintang 5,a***l,Lebih dari 1 tahun lalu
"paket diterima dgn baik,packingan amaaann",Skin Game Rest Facial Oil 15 ml,bintang 5,U***i,Lebih dari 1 tahun lalu
"barang orii, repurchase terus soalnya cocok. exp masih 12 2023",Skin Game Spot Guard Serum,bintang 5,M***a,Lebih dari 1 tahun lalu
packingnya rapih dan aman. ukurannya mini. semoga cocok di kulit wajah yang berjerawat ini,Skin Game Daily Kind Moisturizer 50 ml,bintang 5,F***a,Lebih dari 1 tahun lalu
bagus,Skin Game Daily Kind Moisturizer 50 ml,bintang 5,e***a,Lebih dari 1 tahun lalu
bagus,Skin Game Happiness Bundle (Happy Hue Haha & Giggle),bintang 5,e***a,Lebih dari 1 tahun lalu
"Cepett bgt sampeenyaa, bagusss, emang cocok pke obat jerawat skingame ini",Skin Game Acne Warrior 10 gr,bintang 5,M***a,Lebih dari 1 tahun lalu
"bagus banget packagingnya, belum coba smoga cocok di kulitku yg oily",Skin Game Daily Kind Moisturizer 50 ml,bintang 5,nad,Lebih dari 1 tahun lalu
No review found,Skin Game Pink Hero,bintang 5,Mohammad,Lebih dari 1 tahun lalu
"Spot Guard Serum: Serumnya hampir berbentuk krim (Kental) dibandingkan serum yang biasanya saya pakai (bening dan lebih cair)

Theory of Everything: essencenya enak, kemasan bagus untuk mengeluarkan essencenya, 

Untuk khasiatnya belum bisa saya kasih review karena baru 1x pakai",Skin Game Bright Bundle (Theory of Everything & Spot Guard),bintang 5,C***e,Lebih dari 1 tahun lalu
barang diterima dalam kondisi baik. bisa meredakan kemerahan di wajahğŸ‘ğŸ»,Skin Game Acne Warrior,bintang 5,S***h,Lebih dari 1 tahun lalu
"pengiriman baik, rapi & aman. tekstur oke bagus juga. terima kasih",Skin Game Daily Kind Moisturizer,bintang 5,A***y,Lebih dari 1 tahun lalu
"bagus sepertinya, ga lgsg hilang jerawatnya sih tapi berprogres lah baru 3 hari pakai",Skin Game Acne Warrior 10 gr,bintang 5,R***e,Lebih dari 1 tahun lalu
"Cute banget packaging nya, udah beli bbrp skin game product, emang cocok, smoga ini juga works di aku!",Skin Game Rest Facial Oil 15 ml,bintang 5,Tisa,Lebih dari 1 tahun lalu
serumnya bagus banget mudah menyerap bikin kulit adem,Skin Game Spot Guard Serum,bintang 5,ary,Lebih dari 1 tahun lalu
aju nice,Skin Game Daily Kind Moisturizer 50 ml,bintang 5,M***y,Lebih dari 1 tahun lalu
baguus cocok ini uda tube kedua,Skin Game Acne Warrior,bintang 5,m***a,Lebih dari 1 tahun lalu
Mantap ğŸ‘,Skin Game Daily Kind Moisturizer,bintang 5,Ardiansyah,Lebih dari 1 tahun lalu
Produk belum dicoba. Pengiriman tidak menggunakan bubble wrap hanya produk dan kotak pengiriman. saat dibuka botol terasa panas mungkin krn tidak di lapisi bubble wrap jadi langsung terpapar sinar matahari saat pengiriman semoga produk masi efektif kandungannya.,Skin Game Daily Kind Moisturizer 50 ml,bintang 5,N***a,Lebih dari 1 tahun lalu
"belum coba pertama kali beli, semoga cocok :)

bintang 5 ini diberikan untuk respon admin dan pengantaran pesanan yg baik dan cepat",Skin Game Rest Facial Oil 15 ml,bintang 5,L***i,Lebih dari 1 tahun lalu
kaget bgt liat ukuran 15 gram,Skin Game Cloud Sunscreen 15gr dan 80gr,bintang 4,Rivaldi,Lebih dari 1 tahun lalu
"Loooove banget akhirnya ada moisturizer yg teksturnya watery gel gini daaaan ukuran jumbo. 120ml harga segini itu definitely a steal banget sih. 

Lov banget juga kemasannya pump gini, jadinya super hiegienis ya.

Sebagai yang kulitnya kering, moisturizer tekstur kaya gini enak banget sih. Cepet banget menyerapnya juga dan tidak lengket.",Skin Game Daily Kind Moisturizer,bintang 5,Keke,Lebih dari 1 tahun lalu
amat sangat aweeeet,Skin Game Daily Kind Moisturizer 50 ml,bintang 5,W***i,Lebih dari 1 tahun lalu
"st : oily acne prone

cepat menyerap, bikin lembab tapi ga becek(?) suka bangetğŸ¤",Skin Game Daily Kind Moisturizer,bintang 5,r***a,Lebih dari 1 tahun lalu
Mantul surantul ğŸ‘,Skin Game Acne Warrior,bintang 5,Agus,Lebih dari 1 tahun lalu
semoga cocok dikulitkuğŸ«¶ğŸ»ğŸ«¶ğŸ»ğŸ«¶ğŸ»,Skin Game Daily Kind Moisturizer,bintang 5,A***e,Lebih dari 1 tahun lalu
bagus,Skin Game Acne Warrior,bintang 5,I***n,Lebih dari 1 tahun lalu
Teksturnya ringan,Skin Game Cloud Sunscreen 15gr dan 80gr,bintang 5,Giorgio,Lebih dari 1 tahun lalu
"Datang dengan cepat dan aman! Langsung dipake, enak rasanya dikulit ğŸ¤ tapi masih harus dilihat lagi cocok enggaknya",Skin Game Acne Warrior 10 gr,bintang 5,Thea,Lebih dari 1 tahun lalu
"Cepat datang dan semua barang aman ğŸ¤ enak mini bgt, gampang dibawa kemana mana ğŸ¥° gasabar coba, semoga cocok!",Skin Game Happy Hue - Giggle 10 gr,bintang 5,Thea,Lebih dari 1 tahun lalu
harga affordable krna dpt promo. setia sama moisturizer ini krna gentle banget â¤ï¸â¤ï¸â¤ï¸,Skin Game Daily Kind Moisturizer,bintang 5,yudha,Lebih dari 1 tahun lalu
